steps,time,reward,delta,converged
1,0.020512999999937165,-3.1385281385281387,100.0,False
2,0.0029520000002776214,0.5074626865671642,100.0,False
3,0.005575000000135333,-3.322834645669291,100.0,False
4,0.0024710000002414745,0.8035714285714286,100.0,False
5,0.0018499999996492988,1.4634146341463414,100.0,False
6,0.0021160000001145818,1.1041666666666667,100.0,False
7,0.0020930000000589644,1.1041666666666667,100.0,False
8,0.000582000000122207,6.769230769230769,100.0,False
9,0.002464000000145461,-2.7636363636363637,100.0,False
10,0.0021090000000185682,1.1041666666666667,100.0,False
11,0.0013460000000122818,2.2580645161290325,100.0,False
12,0.001362999999855674,-0.9354838709677419,100.0,False
13,0.001890000000003056,1.4047619047619047,100.0,False
14,0.0009700000000520959,-0.9090909090909091,100.0,False
15,0.001987000000099215,-0.9555555555555556,100.0,False
16,0.001528999999663938,1.8857142857142857,100.0,False
17,0.0018759999998110288,-0.9512195121951219,100.0,False
18,0.0009700000000520959,3.590909090909091,100.0,False
19,0.0009749999999257852,3.590909090909091,100.0,False
20,0.0014140000002953457,-0.9375,100.0,False
21,0.0008849999999256397,4.05,100.0,False
22,0.0005859999996573606,6.769230769230769,100.0,False
23,0.0005809999997836712,6.769230769230769,100.0,False
24,0.0006360000002132438,6.214285714285714,100.0,False
25,0.0005830000000059954,6.769230769230769,100.0,False
26,0.0007470000000466825,4.9411764705882355,100.0,False
27,0.0006619999999202264,5.733333333333333,100.0,False
28,0.0006720000001223525,5.733333333333333,100.0,False
29,0.000634999999874708,6.769230769230769,100.0,False
30,0.0007510000000365835,4.9411764705882355,100.0,False
31,0.0005750000000261934,6.769230769230769,100.0,False
32,0.0007059999998091371,5.3125,100.0,False
33,0.0010720000000219443,3.2083333333333335,100.0,False
34,0.0015699999999014835,-6.444444444444445,100.0,False
35,0.0007450000002791057,4.9411764705882355,100.0,False
36,0.0005849999997735722,6.769230769230769,100.0,False
37,0.0012620000002243614,-4.344827586206897,100.0,False
38,0.000788000000284228,-0.8888888888888888,100.0,False
39,0.000657000000046537,5.733333333333333,100.0,False
40,0.0006740000003446767,5.733333333333333,100.0,False
41,0.0005790000000160944,6.769230769230769,100.0,False
42,0.0005789999995613471,6.769230769230769,100.0,False
43,0.0008869999996932165,-0.9,100.0,False
44,0.0006609999995816906,5.733333333333333,100.0,False
45,0.0006720000001223525,5.733333333333333,100.0,False
46,0.000661000000036438,5.733333333333333,100.0,False
47,0.0007460000001628941,4.9411764705882355,100.0,False
48,0.0008299999999508145,4.315789473684211,100.0,False
49,0.0005799999998998828,6.769230769230769,100.0,False
50,0.0005730000002586166,6.769230769230769,100.0,False
51,0.0005729999998038693,6.769230769230769,100.0,False
52,0.0005750000000261934,6.769230769230769,100.0,False
53,0.000665000000026339,5.733333333333333,100.0,False
54,0.0006779999998798303,5.733333333333333,100.0,False
55,0.0014200000000528235,-4.129032258064516,100.0,False
56,0.0005980000000818109,6.769230769230769,100.0,False
57,0.0010929999998552375,-8.84,100.0,False
58,0.0007069999996929255,5.3125,100.0,False
59,0.0005759999999099819,6.769230769230769,100.0,False
60,0.0007040000000415603,5.3125,100.0,False
61,0.0005760000003647292,6.769230769230769,100.0,False
62,0.001573000000007596,-6.444444444444445,100.0,False
63,0.0005770000002485176,6.769230769230769,100.0,False
64,0.0005879999998796848,6.769230769230769,100.0,False
65,0.000661000000036438,5.733333333333333,100.0,False
66,0.000586000000112108,6.769230769230769,100.0,False
67,0.000574000000142405,6.769230769230769,100.0,False
68,0.0009620000000722939,-0.9090909090909091,100.0,False
69,0.0005730000002586166,6.769230769230769,100.0,False
70,0.0012719999999717402,-4.344827586206897,100.0,False
71,0.0006410000000869331,6.769230769230769,100.0,False
72,0.000665000000026339,6.214285714285714,100.0,False
73,0.0006290000001172302,-0.8571428571428571,100.0,False
74,0.0007460000001628941,-0.8823529411764706,100.0,False
75,0.0006869999997434206,5.733333333333333,100.0,False
76,0.0006289999996624829,6.769230769230769,100.0,False
77,0.0006680000001324515,5.733333333333333,100.0,False
78,0.0005799999998998828,6.769230769230769,100.0,False
79,0.0006669999997939158,5.733333333333333,100.0,False
80,0.0006669999997939158,5.733333333333333,100.0,False
81,0.0005770000002485176,6.769230769230769,100.0,False
82,0.0007469999995919352,4.9411764705882355,100.0,False
83,0.0006590000002688612,5.733333333333333,100.0,False
84,0.0006980000002840825,5.733333333333333,100.0,False
85,0.0005959999998594867,6.769230769230769,100.0,False
86,0.0007539999996879487,4.9411764705882355,100.0,False
87,0.0006720000001223525,5.733333333333333,100.0,False
88,0.0005809999997836712,6.769230769230769,100.0,False
89,0.0005909999999857973,6.769230769230769,100.0,False
90,0.0005779999996775587,6.769230769230769,100.0,False
91,0.0010950000000775617,-0.92,100.0,False
92,0.0005759999999099819,6.769230769230769,100.0,False
93,0.000762000000122498,4.9411764705882355,100.0,False
94,0.0006109999999353022,6.769230769230769,100.0,False
95,0.0005799999998998828,6.769230769230769,100.0,False
96,0.0006619999999202264,5.733333333333333,100.0,False
97,0.0010500000003048626,-0.9166666666666666,100.0,False
98,0.0006410000000869331,6.769230769230769,100.0,False
99,0.0007899999995970575,-0.8888888888888888,100.0,False
100,0.0011359999998603598,-0.9230769230769231,100.0,False
101,0.0005799999998998828,6.769230769230769,100.0,False
102,0.0005889999997634732,6.769230769230769,100.0,False
103,0.0006659999999101274,5.733333333333333,100.0,False
104,0.0006709999997838167,5.733333333333333,100.0,False
105,0.0007480000003852183,4.9411764705882355,100.0,False
106,0.000665000000026339,5.733333333333333,100.0,False
107,0.0006260000000111177,6.769230769230769,100.0,False
108,0.0011840000001939188,-0.9259259259259259,100.0,False
109,0.0005809999997836712,6.769230769230769,100.0,False
110,0.0014930000002095767,-6.764705882352941,100.0,False
111,0.0007080000000314612,5.3125,100.0,False
112,0.0005770000002485176,6.769230769230769,100.0,False
113,0.0006619999999202264,5.733333333333333,100.0,False
114,0.0007970000001478184,4.611111111111111,100.0,False
115,0.0007069999996929255,5.733333333333333,100.0,False
116,0.0005810000002384186,6.769230769230769,100.0,False
117,0.0005759999999099819,6.769230769230769,100.0,False
118,0.0006620000003749738,5.733333333333333,100.0,False
119,0.0005879999998796848,6.769230769230769,100.0,False
120,0.0005790000000160944,6.769230769230769,100.0,False
121,0.0006630000002587622,5.733333333333333,100.0,False
122,0.0012679999999818392,-0.9310344827586207,100.0,False
123,0.0005759999999099819,6.769230769230769,100.0,False
124,0.000578000000132306,6.769230769230769,100.0,False
125,0.0007740000000922009,4.9411764705882355,100.0,False
126,0.0007529999998041603,4.9411764705882355,100.0,False
127,0.0005769999997937703,6.769230769230769,100.0,False
128,0.0005980000000818109,6.769230769230769,100.0,False
129,0.0005830000000059954,6.769230769230769,100.0,False
130,0.0007489999998142594,4.9411764705882355,100.0,False
131,0.0005879999998796848,6.769230769230769,100.0,False
132,0.0005769999997937703,6.769230769230769,100.0,False
133,0.000762000000122498,4.9411764705882355,100.0,False
134,0.0008789999997134146,4.05,100.0,False
135,0.0006600000001526496,5.733333333333333,100.0,False
136,0.0005770000002485176,6.769230769230769,100.0,False
137,0.0007590000000163855,-0.8823529411764706,100.0,False
138,0.0007649999997738632,4.9411764705882355,100.0,False
139,0.001146000000062486,-0.9230769230769231,100.0,False
140,0.0009150000000772707,-5.619047619047619,100.0,False
141,0.001370999999835476,-0.9354838709677419,100.0,False
142,0.0005729999998038693,6.769230769230769,100.0,False
143,0.0005790000000160944,6.769230769230769,100.0,False
144,0.0009630000004108297,-0.9090909090909091,100.0,False
145,0.0007669999999961874,-0.8823529411764706,100.0,False
146,0.0005790000000160944,6.769230769230769,100.0,False
147,0.0007059999998091371,5.3125,100.0,False
148,0.000574000000142405,6.769230769230769,100.0,False
149,0.0005759999999099819,6.769230769230769,100.0,False
150,0.0007089999999152496,-0.875,100.0,False
151,0.0005759999999099819,6.769230769230769,100.0,False
152,0.0005850000002283195,6.769230769230769,100.0,False
153,0.0007120000000213622,-0.875,100.0,False
154,0.0006760000001122535,5.733333333333333,100.0,False
155,0.0005759999999099819,6.769230769230769,100.0,False
156,0.0010950000000775617,-4.88,100.0,False
157,0.000578000000132306,6.769230769230769,100.0,False
158,0.0006599999996979022,5.733333333333333,100.0,False
159,0.0005879999998796848,6.769230769230769,100.0,False
160,0.0006210000001374283,6.214285714285714,100.0,False
161,0.0012609999998858257,-4.344827586206897,100.0,False
162,0.000661000000036438,5.733333333333333,100.0,False
163,0.0006640000001425506,6.769230769230769,100.0,False
164,0.000578000000132306,6.769230769230769,100.0,False
165,0.0007040000000415603,5.3125,100.0,False
166,0.0007889999997132691,4.611111111111111,100.0,False
167,0.0010600000000522414,-0.9166666666666666,100.0,False
168,0.0005759999999099819,6.769230769230769,100.0,False
169,0.001178999999865482,-0.9259259259259259,100.0,False
170,0.0005759999999099819,6.769230769230769,100.0,False
171,0.0005839999998897838,6.769230769230769,100.0,False
172,0.0009560000003148161,-0.9090909090909091,100.0,False
173,0.0005729999998038693,6.769230769230769,100.0,False
174,0.0006710000002385641,5.733333333333333,100.0,False
175,0.0006640000001425506,5.733333333333333,100.0,False
176,0.0005849999997735722,6.769230769230769,100.0,False
177,0.0005759999999099819,6.769230769230769,100.0,False
178,0.0005799999998998828,6.769230769230769,100.0,False
179,0.0005819999996674596,6.769230769230769,100.0,False
180,0.000574000000142405,6.769230769230769,100.0,False
181,0.0006749999997737177,5.733333333333333,100.0,False
182,0.0005989999999655993,6.769230769230769,100.0,False
183,0.0005810000002384186,6.769230769230769,100.0,False
184,0.000578000000132306,6.769230769230769,100.0,False
185,0.0005769999997937703,6.769230769230769,100.0,False
186,0.0007749999999759893,-0.8823529411764706,100.0,False
187,0.0010339999998905114,-0.9130434782608695,100.0,False
188,0.0005769999997937703,6.769230769230769,100.0,False
189,0.0006250000001273293,6.214285714285714,100.0,False
190,0.0005920000003243331,6.769230769230769,100.0,False
191,0.0006670000002486631,5.733333333333333,100.0,False
192,0.0005750000000261934,6.769230769230769,100.0,False
193,0.0006640000001425506,5.733333333333333,100.0,False
194,0.0005790000000160944,6.769230769230769,100.0,False
195,0.0012460000002647575,-4.464285714285714,100.0,False
196,0.0006789999997636187,5.733333333333333,100.0,False
197,0.0005909999999857973,6.769230769230769,100.0,False
198,0.0005779999996775587,6.769230769230769,100.0,False
199,0.0011100000001533772,-0.92,100.0,False
200,0.0008389999998144049,4.315789473684211,100.0,False
201,0.0006629999998040148,5.733333333333333,100.0,False
202,0.0005790000000160944,6.769230769230769,100.0,False
203,0.0006800000001021544,5.733333333333333,100.0,False
204,0.000582000000122207,6.769230769230769,100.0,False
205,0.0005980000000818109,6.769230769230769,100.0,False
206,0.0005769999997937703,6.769230769230769,100.0,False
207,0.0009729999997034611,-0.9090909090909091,100.0,False
208,0.0006060000000616128,6.769230769230769,100.0,False
209,0.0006069999999454012,6.769230769230769,100.0,False
210,0.0008470000002489542,-0.8947368421052632,100.0,False
211,0.0005729999998038693,6.769230769230769,100.0,False
212,0.0007460000001628941,4.9411764705882355,100.0,False
213,0.0005759999999099819,6.769230769230769,100.0,False
214,0.0006189999999151041,6.214285714285714,100.0,False
215,0.0005720000003748282,6.769230769230769,100.0,False
216,0.0005759999999099819,6.769230769230769,100.0,False
217,0.0007470000000466825,4.9411764705882355,100.0,False
218,0.000630999999884807,6.769230769230769,100.0,False
219,0.0005810000002384186,6.769230769230769,100.0,False
220,0.0005909999999857973,6.769230769230769,100.0,False
221,0.0005779999996775587,6.769230769230769,100.0,False
222,0.0005779999996775587,6.769230769230769,100.0,False
223,0.0005790000000160944,6.769230769230769,100.0,False
224,0.0005769999997937703,6.769230769230769,100.0,False
225,0.0006619999999202264,5.733333333333333,100.0,False
226,0.0007030000001577719,5.3125,100.0,False
227,0.0005759999999099819,6.769230769230769,100.0,False
228,0.0009350000000267755,-0.9,100.0,False
229,0.0006240000002435409,6.214285714285714,100.0,False
230,0.000578000000132306,6.769230769230769,100.0,False
231,0.0006659999999101274,5.733333333333333,100.0,False
232,0.000604000000294036,6.769230769230769,100.0,False
233,0.0005839999998897838,6.769230769230769,100.0,False
234,0.0005759999999099819,6.769230769230769,100.0,False
235,0.0006669999997939158,5.733333333333333,100.0,False
236,0.0006220000000212167,6.214285714285714,100.0,False
237,0.0005850000002283195,6.769230769230769,100.0,False
238,0.0006440000001930457,6.769230769230769,100.0,False
239,0.0005790000000160944,6.769230769230769,100.0,False
240,0.0005770000002485176,6.769230769230769,100.0,False
241,0.00091999999995096,-0.9047619047619048,100.0,False
242,0.0006319999997685954,-0.8571428571428571,100.0,False
243,0.0005759999999099819,6.769230769230769,100.0,False
244,0.0006159999998089916,-0.8571428571428571,100.0,False
245,0.0005759999999099819,6.769230769230769,100.0,False
246,0.0005709999995815451,6.769230769230769,100.0,False
247,0.0005839999998897838,6.769230769230769,100.0,False
248,0.0007470000000466825,-0.8823529411764706,100.0,False
249,0.001044999999976426,-0.9166666666666666,100.0,False
250,0.0005729999998038693,6.769230769230769,100.0,False
251,0.0007930000001579174,-0.8888888888888888,100.0,False
252,0.0007579999996778497,5.3125,100.0,False
253,0.000582000000122207,6.769230769230769,100.0,False
254,0.0005819999996674596,6.769230769230769,100.0,False
255,0.0005790000000160944,6.769230769230769,100.0,False
256,0.0005980000000818109,6.769230769230769,100.0,False
257,0.0010570000004008762,-0.9166666666666666,100.0,False
258,0.0006629999998040148,5.733333333333333,100.0,False
259,0.0006599999996979022,5.733333333333333,100.0,False
260,0.0005850000002283195,6.769230769230769,100.0,False
261,0.0006599999996979022,5.733333333333333,100.0,False
262,0.0006189999999151041,-0.8571428571428571,100.0,False
263,0.0005729999998038693,6.769230769230769,100.0,False
264,0.0005739999996876577,6.769230769230769,100.0,False
265,0.0006680000001324515,5.733333333333333,100.0,False
266,0.0005759999999099819,6.769230769230769,100.0,False
267,0.0005759999999099819,6.769230769230769,100.0,False
268,0.0005889999997634732,6.769230769230769,100.0,False
269,0.0007450000002791057,4.9411764705882355,100.0,False
270,0.0010569999999461288,-0.9166666666666666,100.0,False
271,0.000574000000142405,6.769230769230769,100.0,False
272,0.0005739999996876577,6.769230769230769,100.0,False
273,0.0005729999998038693,6.769230769230769,100.0,False
274,0.000657000000046537,5.733333333333333,100.0,False
275,0.0005879999998796848,6.769230769230769,100.0,False
276,0.0012629999996534025,-0.9310344827586207,100.0,False
277,0.0006579999999303254,5.733333333333333,100.0,False
278,0.0010659999998097192,-0.9166666666666666,100.0,False
279,0.0005880000003344321,6.769230769230769,100.0,False
280,0.0006960000000617583,5.733333333333333,100.0,False
281,0.000578000000132306,6.769230769230769,100.0,False
282,0.0005770000002485176,6.769230769230769,100.0,False
283,0.0005900000001020089,6.769230769230769,100.0,False
284,0.0006649999995715916,5.733333333333333,100.0,False
285,0.000578000000132306,6.769230769230769,100.0,False
286,0.000574000000142405,6.769230769230769,100.0,False
287,0.0012609999998858257,-0.9310344827586207,100.0,False
288,0.0005809999997836712,6.769230769230769,100.0,False
289,0.0006620000003749738,5.733333333333333,100.0,False
290,0.0005869999999958964,6.769230769230769,100.0,False
291,0.0005729999998038693,6.769230769230769,100.0,False
292,0.0005729999998038693,6.769230769230769,100.0,False
293,0.0013519999997697596,-4.129032258064516,100.0,False
294,0.0005730000002586166,6.769230769230769,100.0,False
295,0.000574000000142405,6.769230769230769,100.0,False
296,0.0005710000000362925,6.769230769230769,100.0,False
297,0.0006459999999606225,6.769230769230769,100.0,False
298,0.0005760000003647292,6.769230769230769,100.0,False
299,0.0005769999997937703,6.769230769230769,100.0,False
300,0.0005750000000261934,6.769230769230769,100.0,False
301,0.000661000000036438,5.733333333333333,100.0,False
302,0.0007340000001931912,5.733333333333333,100.0,False
303,0.0005830000000059954,6.769230769230769,100.0,False
304,0.0005849999997735722,6.769230769230769,100.0,False
305,0.0005810000002384186,6.769230769230769,100.0,False
306,0.0006619999999202264,5.733333333333333,100.0,False
307,0.0005909999999857973,6.769230769230769,100.0,False
308,0.000574000000142405,6.769230769230769,100.0,False
309,0.0007450000002791057,4.9411764705882355,100.0,False
310,0.0005750000000261934,6.769230769230769,100.0,False
311,0.0005770000002485176,6.769230769230769,100.0,False
312,0.0005949999999756983,6.769230769230769,100.0,False
313,0.0005899999996472616,6.769230769230769,100.0,False
314,0.0005749999995714461,6.769230769230769,100.0,False
315,0.0008809999999357387,-0.9,100.0,False
316,0.000661000000036438,5.733333333333333,100.0,False
317,0.0010039999997388804,-5.217391304347826,100.0,False
318,0.0006149999999252032,6.214285714285714,100.0,False
319,0.000574000000142405,6.769230769230769,100.0,False
320,0.0005759999999099819,6.769230769230769,100.0,False
321,0.0006289999996624829,-0.8571428571428571,100.0,False
322,0.0007140000002436864,5.733333333333333,100.0,False
323,0.0005779999996775587,6.769230769230769,100.0,False
324,0.0005769999997937703,6.769230769230769,100.0,False
325,0.0005750000000261934,6.769230769230769,100.0,False
326,0.0005989999999655993,6.769230769230769,100.0,False
327,0.001404999999977008,-4.129032258064516,100.0,False
328,0.0006749999997737177,5.733333333333333,100.0,False
329,0.0005809999997836712,6.769230769230769,100.0,False
330,0.0005949999999756983,6.769230769230769,100.0,False
331,0.0005799999998998828,6.769230769230769,100.0,False
332,0.000665000000026339,5.733333333333333,100.0,False
333,0.0011359999998603598,-0.9230769230769231,100.0,False
334,0.001018999999814696,-0.9130434782608695,100.0,False
335,0.000705000000380096,5.733333333333333,100.0,False
336,0.001152000000274711,-0.9230769230769231,100.0,False
337,0.0006600000001526496,5.733333333333333,100.0,False
338,0.0005890000002182205,6.769230769230769,100.0,False
339,0.0005949999999756983,6.769230769230769,100.0,False
340,0.0005789999995613471,6.769230769230769,100.0,False
341,0.0005779999996775587,6.769230769230769,100.0,False
342,0.0008339999999407155,4.315789473684211,100.0,False
343,0.0007609999997839623,-0.8823529411764706,100.0,False
344,0.0007160000000112632,5.733333333333333,100.0,False
345,0.0006229999999050051,6.214285714285714,100.0,False
346,0.0005759999999099819,6.769230769230769,100.0,False
347,0.000574000000142405,6.769230769230769,100.0,False
348,0.0005880000003344321,6.769230769230769,100.0,False
349,0.0005750000000261934,6.769230769230769,100.0,False
350,0.0006599999996979022,5.733333333333333,100.0,False
351,0.0005759999999099819,6.769230769230769,100.0,False
352,0.0005770000002485176,6.769230769230769,100.0,False
353,0.0006519999997181003,6.769230769230769,100.0,False
354,0.0005809999997836712,6.769230769230769,100.0,False
355,0.000578000000132306,6.769230769230769,100.0,False
356,0.0006659999999101274,5.733333333333333,100.0,False
357,0.0006640000001425506,5.733333333333333,100.0,False
358,0.0006200000002536399,6.214285714285714,100.0,False
359,0.0010019999999713036,-0.9130434782608695,100.0,False
360,0.0005800000003546302,6.769230769230769,100.0,False
361,0.0005760000003647292,6.769230769230769,100.0,False
362,0.000586000000112108,6.769230769230769,100.0,False
363,0.0005750000000261934,6.769230769230769,100.0,False
364,0.0006600000001526496,5.733333333333333,100.0,False
365,0.0005729999998038693,6.769230769230769,100.0,False
366,0.000661000000036438,5.733333333333333,100.0,False
367,0.0006290000001172302,-0.8571428571428571,100.0,False
368,0.0005989999999655993,6.769230769230769,100.0,False
369,0.0005750000000261934,6.769230769230769,100.0,False
370,0.0005790000000160944,6.769230769230769,100.0,False
371,0.0010520000000724394,-0.9166666666666666,100.0,False
372,0.0006760000001122535,5.733333333333333,100.0,False
373,0.0005769999997937703,6.769230769230769,100.0,False
374,0.001051000000188651,-0.9166666666666666,100.0,False
375,0.0005759999999099819,6.769230769230769,100.0,False
376,0.0007610000002387096,4.9411764705882355,100.0,False
377,0.000578000000132306,6.769230769230769,100.0,False
378,0.0007970000001478184,4.611111111111111,100.0,False
379,0.000665000000026339,5.733333333333333,100.0,False
380,0.000661000000036438,-0.8666666666666667,100.0,False
381,0.0005770000002485176,6.769230769230769,100.0,False
382,0.0005769999997937703,6.769230769230769,100.0,False
383,0.0005750000000261934,6.769230769230769,100.0,False
384,0.0005750000000261934,6.769230769230769,100.0,False
385,0.0010199999996984843,-0.9130434782608695,100.0,False
386,0.0005759999999099819,6.769230769230769,100.0,False
387,0.000574000000142405,6.769230769230769,100.0,False
388,0.0006629999998040148,5.733333333333333,100.0,False
389,0.0006630000002587622,5.733333333333333,100.0,False
390,0.0007590000000163855,4.9411764705882355,100.0,False
391,0.0005790000000160944,6.769230769230769,100.0,False
392,0.0006630000002587622,5.733333333333333,100.0,False
393,0.0005769999997937703,6.769230769230769,100.0,False
394,0.0005759999999099819,6.769230769230769,100.0,False
395,0.0013500000000021828,-4.344827586206897,100.0,False
396,0.0006660000003648747,5.733333333333333,100.0,False
397,0.0005770000002485176,6.769230769230769,100.0,False
398,0.0007080000000314612,-0.875,100.0,False
399,0.0005909999999857973,6.769230769230769,100.0,False
400,0.0007149999996727274,5.733333333333333,100.0,False
401,0.0008369999995920807,-0.8947368421052632,100.0,False
402,0.0011800000002040179,-0.9259259259259259,100.0,False
403,0.0005930000002081215,6.769230769230769,100.0,False
404,0.0005799999998998828,6.769230769230769,100.0,False
405,0.0005859999996573606,6.769230769230769,100.0,False
406,0.0010229999998045969,-0.9130434782608695,100.0,False
407,0.0005850000002283195,6.769230769230769,100.0,False
408,0.0007140000002436864,-0.875,100.0,False
409,0.0005790000000160944,6.769230769230769,100.0,False
410,0.0012679999999818392,-0.9310344827586207,100.0,False
411,0.0005800000003546302,6.769230769230769,100.0,False
412,0.000578000000132306,6.769230769230769,100.0,False
413,0.0006100000000515138,6.769230769230769,100.0,False
414,0.0005810000002384186,6.769230769230769,100.0,False
415,0.0007500000001527951,4.9411764705882355,100.0,False
416,0.0005769999997937703,6.769230769230769,100.0,False
417,0.0005879999998796848,6.769230769230769,100.0,False
418,0.0006290000001172302,6.769230769230769,100.0,False
419,0.0005810000002384186,6.769230769230769,100.0,False
420,0.0006220000000212167,-0.8571428571428571,100.0,False
421,0.0005769999997937703,6.769230769230769,100.0,False
422,0.0006629999998040148,5.733333333333333,100.0,False
423,0.000574000000142405,6.769230769230769,100.0,False
424,0.0006170000001475273,6.214285714285714,100.0,False
425,0.0007469999995919352,4.9411764705882355,100.0,False
426,0.0005899999996472616,6.769230769230769,100.0,False
427,0.0008609999999862339,-0.8947368421052632,100.0,False
428,0.0007590000000163855,4.9411764705882355,100.0,False
429,0.0005859999996573606,6.769230769230769,100.0,False
430,0.0006629999998040148,6.769230769230769,100.0,False
431,0.0005999999998493877,6.769230769230769,100.0,False
432,0.0009669999999459833,-0.9090909090909091,100.0,False
433,0.0007500000001527951,4.9411764705882355,100.0,False
434,0.0005759999999099819,6.769230769230769,100.0,False
435,0.0006829999997535197,5.733333333333333,100.0,False
436,0.0006840000000920554,5.733333333333333,100.0,False
437,0.000578000000132306,6.769230769230769,100.0,False
438,0.0010489999999663269,-0.9166666666666666,100.0,False
439,0.0005750000000261934,6.769230769230769,100.0,False
440,0.0006379999999808206,6.769230769230769,100.0,False
441,0.0007500000001527951,4.9411764705882355,100.0,False
442,0.0005790000000160944,6.769230769230769,100.0,False
443,0.000578000000132306,6.769230769230769,100.0,False
444,0.0005909999999857973,6.769230769230769,100.0,False
445,0.0005830000000059954,6.769230769230769,100.0,False
446,0.0006630000002587622,5.733333333333333,100.0,False
447,0.0006639999996878032,5.733333333333333,100.0,False
448,0.0005779999996775587,6.769230769230769,100.0,False
449,0.0009410000002390007,-0.9047619047619048,100.0,False
450,0.0006119999998190906,6.769230769230769,100.0,False
451,0.0005799999998998828,6.769230769230769,100.0,False
452,0.0006779999998798303,5.733333333333333,100.0,False
453,0.0005810000002384186,6.769230769230769,100.0,False
454,0.0006819999998697313,5.733333333333333,100.0,False
455,0.0005819999996674596,6.769230769230769,100.0,False
456,0.000665000000026339,5.733333333333333,100.0,False
457,0.0006630000002587622,5.733333333333333,100.0,False
458,0.0006630000002587622,5.733333333333333,100.0,False
459,0.0005790000000160944,6.769230769230769,100.0,False
460,0.0007719999998698768,4.9411764705882355,100.0,False
461,0.0005769999997937703,6.769230769230769,100.0,False
462,0.0005769999997937703,6.769230769230769,100.0,False
463,0.0005729999998038693,6.769230769230769,100.0,False
464,0.0005959999998594867,6.769230769230769,100.0,False
465,0.0005849999997735722,6.769230769230769,100.0,False
466,0.0005810000002384186,6.769230769230769,100.0,False
467,0.0005790000000160944,6.769230769230769,100.0,False
468,0.0005769999997937703,6.769230769230769,100.0,False
469,0.0006779999998798303,5.733333333333333,100.0,False
470,0.0006440000001930457,6.769230769230769,100.0,False
471,0.0011819999999715947,-0.9259259259259259,100.0,False
472,0.000578000000132306,6.769230769230769,100.0,False
473,0.0005930000002081215,6.769230769230769,100.0,False
474,0.0006669999997939158,5.733333333333333,100.0,False
475,0.0005809999997836712,6.769230769230769,100.0,False
476,0.0009789999999156862,-0.9090909090909091,100.0,False
477,0.0010640000000421423,-0.9166666666666666,100.0,False
478,0.0005809999997836712,6.769230769230769,100.0,False
479,0.0005799999998998828,6.769230769230769,100.0,False
480,0.000578000000132306,6.769230769230769,100.0,False
481,0.0008400000001529406,4.315789473684211,100.0,False
482,0.000586000000112108,6.769230769230769,100.0,False
483,0.0006290000001172302,6.769230769230769,100.0,False
484,0.0007529999998041603,4.9411764705882355,100.0,False
485,0.0005759999999099819,6.769230769230769,100.0,False
486,0.0005779999996775587,6.769230769230769,100.0,False
487,0.0005909999999857973,6.769230769230769,100.0,False
488,0.0006200000002536399,6.214285714285714,100.0,False
489,0.0007040000000415603,-0.875,100.0,False
490,0.0007040000000415603,-0.875,100.0,False
491,0.0005750000000261934,6.769230769230769,100.0,False
492,0.0005790000000160944,6.769230769230769,100.0,False
493,0.0005750000000261934,6.769230769230769,100.0,False
494,0.0005769999997937703,6.769230769230769,100.0,False
495,0.0005779999996775587,6.769230769230769,100.0,False
496,0.0005739999996876577,6.769230769230769,100.0,False
497,0.0005800000003546302,6.769230769230769,100.0,False
498,0.0005760000003647292,6.769230769230769,100.0,False
499,0.0005769999997937703,6.769230769230769,100.0,False
500,0.0005790000000160944,6.769230769230769,100.0,False
501,0.0005759999999099819,6.769230769230769,100.0,False
502,0.0007610000002387096,4.9411764705882355,100.0,False
503,0.0006690000000162399,5.733333333333333,100.0,False
504,0.0005799999998998828,6.769230769230769,100.0,False
505,0.000578000000132306,6.769230769230769,100.0,False
506,0.0005750000000261934,6.769230769230769,100.0,False
507,0.0005909999999857973,6.769230769230769,100.0,False
508,0.000578000000132306,6.769230769230769,100.0,False
509,0.0005770000002485176,6.769230769230769,100.0,False
510,0.0005769999997937703,6.769230769230769,100.0,False
511,0.0005769999997937703,6.769230769230769,100.0,False
512,0.0006560000001627486,6.769230769230769,100.0,False
513,0.0005830000000059954,6.769230769230769,100.0,False
514,0.0005809999997836712,6.769230769230769,100.0,False
515,0.000582000000122207,6.769230769230769,100.0,False
516,0.0005790000000160944,6.769230769230769,100.0,False
517,0.0005949999999756983,6.769230769230769,100.0,False
518,0.0005790000000160944,6.769230769230769,100.0,False
519,0.0010099999999511056,-0.9130434782608695,100.0,False
520,0.000578000000132306,6.769230769230769,100.0,False
521,0.0005759999999099819,6.769230769230769,100.0,False
522,0.0005869999999958964,6.769230769230769,100.0,False
523,0.0008379999999306165,-0.8947368421052632,100.0,False
524,0.0006739999998899293,5.733333333333333,100.0,False
525,0.0006629999998040148,5.733333333333333,100.0,False
526,0.0006710000002385641,5.733333333333333,100.0,False
527,0.0007890000001680164,-0.8888888888888888,100.0,False
528,0.0005799999998998828,6.769230769230769,100.0,False
529,0.0005810000002384186,6.769230769230769,100.0,False
530,0.0005799999998998828,6.769230769230769,100.0,False
531,0.0006330000001071312,-0.8571428571428571,100.0,False
532,0.0006100000000515138,6.769230769230769,100.0,False
533,0.0010980000001836743,-0.92,100.0,False
534,0.0006629999998040148,5.733333333333333,100.0,False
535,0.0006750000002284651,5.733333333333333,100.0,False
536,0.0007959999998092826,-0.8823529411764706,100.0,False
537,0.000574000000142405,6.769230769230769,100.0,False
538,0.001002999999855092,-0.9130434782608695,100.0,False
539,0.0005759999999099819,6.769230769230769,100.0,False
540,0.0005790000000160944,6.769230769230769,100.0,False
541,0.000747999999930471,4.9411764705882355,100.0,False
542,0.0005739999996876577,6.769230769230769,100.0,False
543,0.0005760000003647292,6.769230769230769,100.0,False
544,0.0005759999999099819,6.769230769230769,100.0,False
545,0.0006730000000061409,5.733333333333333,100.0,False
546,0.0005940000000919099,6.769230769230769,100.0,False
547,0.0005889999997634732,6.769230769230769,100.0,False
548,0.0005799999998998828,6.769230769230769,100.0,False
549,0.0006629999998040148,5.733333333333333,100.0,False
550,0.0012269999997442937,-4.464285714285714,100.0,False
551,0.000574000000142405,6.769230769230769,100.0,False
552,0.0005770000002485176,6.769230769230769,100.0,False
553,0.0005810000002384186,6.769230769230769,100.0,False
554,0.0005940000000919099,6.769230769230769,100.0,False
555,0.0006290000001172302,6.769230769230769,100.0,False
556,0.0007579999996778497,-0.8823529411764706,100.0,False
557,0.0005809999997836712,6.769230769230769,100.0,False
558,0.001461000000290369,-3.9393939393939394,100.0,False
559,0.0007140000002436864,5.733333333333333,100.0,False
560,0.000883999999587104,-0.9,100.0,False
561,0.0005759999999099819,6.769230769230769,100.0,False
562,0.0005890000002182205,6.769230769230769,100.0,False
563,0.0005750000000261934,6.769230769230769,100.0,False
564,0.0005750000000261934,6.769230769230769,100.0,False
565,0.0005769999997937703,6.769230769230769,100.0,False
566,0.00104700000019875,-5.041666666666667,100.0,False
567,0.0008030000003600435,4.9411764705882355,100.0,False
568,0.0005890000002182205,6.769230769230769,100.0,False
569,0.000679000000218366,5.733333333333333,100.0,False
570,0.0005769999997937703,6.769230769230769,100.0,False
571,0.0006599999996979022,5.733333333333333,100.0,False
572,0.000578000000132306,6.769230769230769,100.0,False
573,0.0005750000000261934,6.769230769230769,100.0,False
574,0.0005719999999200809,6.769230769230769,100.0,False
575,0.0006590000002688612,5.733333333333333,100.0,False
576,0.0005720000003748282,6.769230769230769,100.0,False
577,0.0011060000001634762,-0.9166666666666666,100.0,False
578,0.0006670000002486631,5.733333333333333,100.0,False
579,0.0006690000000162399,5.733333333333333,100.0,False
580,0.0006630000002587622,5.733333333333333,100.0,False
581,0.0006019999996169645,6.769230769230769,100.0,False
582,0.0005799999998998828,6.769230769230769,100.0,False
583,0.0007489999998142594,4.9411764705882355,100.0,False
584,0.0005770000002485176,6.769230769230769,100.0,False
585,0.0005779999996775587,6.769230769230769,100.0,False
586,0.0007249999998748535,5.733333333333333,100.0,False
587,0.000586000000112108,6.769230769230769,100.0,False
588,0.0006629999998040148,5.733333333333333,100.0,False
589,0.0006640000001425506,5.733333333333333,100.0,False
590,0.0005770000002485176,6.769230769230769,100.0,False
591,0.0005849999997735722,6.769230769230769,100.0,False
592,0.0005809999997836712,6.769230769230769,100.0,False
593,0.0009330000002591987,-0.9047619047619048,100.0,False
594,0.0005770000002485176,6.769230769230769,100.0,False
595,0.0005890000002182205,6.769230769230769,100.0,False
596,0.0005770000002485176,6.769230769230769,100.0,False
597,0.0005769999997937703,6.769230769230769,100.0,False
598,0.000705000000380096,5.3125,100.0,False
599,0.0007970000001478184,-0.8888888888888888,100.0,False
600,0.0005930000002081215,6.769230769230769,100.0,False
601,0.000634999999874708,6.769230769230769,100.0,False
602,0.0005790000000160944,6.769230769230769,100.0,False
603,0.000582000000122207,6.769230769230769,100.0,False
604,0.000582000000122207,6.769230769230769,100.0,False
605,0.0005899999996472616,6.769230769230769,100.0,False
606,0.000574000000142405,6.769230769230769,100.0,False
607,0.0006599999996979022,5.733333333333333,100.0,False
608,0.000574000000142405,6.769230769230769,100.0,False
609,0.0006180000000313157,6.214285714285714,100.0,False
610,0.0005950000004304457,6.769230769230769,100.0,False
611,0.0005769999997937703,6.769230769230769,100.0,False
612,0.0005790000000160944,6.769230769230769,100.0,False
613,0.0005750000000261934,6.769230769230769,100.0,False
614,0.0005749999995714461,6.769230769230769,100.0,False
615,0.0006730000000061409,5.733333333333333,100.0,False
616,0.0005750000000261934,6.769230769230769,100.0,False
617,0.0005729999998038693,6.769230769230769,100.0,False
618,0.0006700000003547757,5.733333333333333,100.0,False
619,0.0005760000003647292,6.769230769230769,100.0,False
620,0.0005719999999200809,6.769230769230769,100.0,False
621,0.0006619999999202264,5.733333333333333,100.0,False
622,0.0007889999997132691,-0.8888888888888888,100.0,False
623,0.000574000000142405,6.769230769230769,100.0,False
624,0.0005710000000362925,6.769230769230769,100.0,False
625,0.0006679999996777042,5.733333333333333,100.0,False
626,0.0007049999999253487,-0.875,100.0,False
627,0.0006629999998040148,5.733333333333333,100.0,False
628,0.0005760000003647292,6.769230769230769,100.0,False
629,0.0006230000003597524,6.214285714285714,100.0,False
630,0.0006370000000970322,-0.8571428571428571,100.0,False
631,0.0011089999998148414,-0.9166666666666666,100.0,False
632,0.0005750000000261934,6.769230769230769,100.0,False
633,0.0005909999999857973,6.769230769230769,100.0,False
634,0.0005739999996876577,6.769230769230769,100.0,False
635,0.000578000000132306,6.769230769230769,100.0,False
636,0.0006589999998141138,5.733333333333333,100.0,False
637,0.000574000000142405,6.769230769230769,100.0,False
638,0.0005729999998038693,6.769230769230769,100.0,False
639,0.0006149999999252032,6.214285714285714,100.0,False
640,0.000574000000142405,6.769230769230769,100.0,False
641,0.000661000000036438,5.733333333333333,100.0,False
642,0.0005750000000261934,6.769230769230769,100.0,False
643,0.0005750000000261934,6.769230769230769,100.0,False
644,0.0005750000000261934,6.769230769230769,100.0,False
645,0.0005830000000059954,6.769230769230769,100.0,False
646,0.000574000000142405,6.769230769230769,100.0,False
647,0.0005729999998038693,6.769230769230769,100.0,False
648,0.0006640000001425506,5.733333333333333,100.0,False
649,0.0005739999996876577,6.769230769230769,100.0,False
650,0.0005839999998897838,6.769230769230769,100.0,False
651,0.0006410000000869331,6.769230769230769,100.0,False
652,0.0005810000002384186,6.769230769230769,100.0,False
653,0.0005830000000059954,6.769230769230769,100.0,False
654,0.0005799999998998828,6.769230769230769,100.0,False
655,0.0006489999996119877,6.769230769230769,100.0,False
656,0.0005839999998897838,6.769230769230769,100.0,False
657,0.0005790000000160944,6.769230769230769,100.0,False
658,0.0005750000000261934,6.769230769230769,100.0,False
659,0.000578000000132306,6.769230769230769,100.0,False
660,0.0005900000001020089,6.769230769230769,100.0,False
661,0.0005750000000261934,6.769230769230769,100.0,False
662,0.000574000000142405,6.769230769230769,100.0,False
663,0.0005750000000261934,6.769230769230769,100.0,False
664,0.0010940000001937733,-0.92,100.0,False
665,0.000638999999864609,6.769230769230769,100.0,False
666,0.000582000000122207,6.769230769230769,100.0,False
667,0.0005790000000160944,6.769230769230769,100.0,False
668,0.0005819999996674596,6.769230769230769,100.0,False
669,0.0005750000000261934,6.769230769230769,100.0,False
670,0.0005909999999857973,6.769230769230769,100.0,False
671,0.0005759999999099819,6.769230769230769,100.0,False
672,0.0006200000002536399,6.214285714285714,100.0,False
673,0.0005750000000261934,6.769230769230769,100.0,False
674,0.0005730000002586166,6.769230769230769,100.0,False
675,0.0005840000003445311,6.769230769230769,100.0,False
676,0.0006140000000414148,6.769230769230769,100.0,False
677,0.0006189999999151041,6.214285714285714,100.0,False
678,0.0005790000000160944,6.769230769230769,100.0,False
679,0.0005790000000160944,6.769230769230769,100.0,False
680,0.0010340000003452587,-0.9090909090909091,100.0,False
681,0.0006760000001122535,5.733333333333333,100.0,False
682,0.0006669999997939158,5.733333333333333,100.0,False
683,0.0005790000000160944,6.769230769230769,100.0,False
684,0.0006450000000768341,6.769230769230769,100.0,False
685,0.0005770000002485176,6.769230769230769,100.0,False
686,0.0006210000001374283,6.214285714285714,100.0,False
687,0.000578000000132306,6.769230769230769,100.0,False
688,0.0010910000000876607,-0.92,100.0,False
689,0.0005959999998594867,6.769230769230769,100.0,False
690,0.0006400000002031447,6.769230769230769,100.0,False
691,0.0005779999996775587,6.769230769230769,100.0,False
692,0.000578000000132306,6.769230769230769,100.0,False
693,0.000578000000132306,6.769230769230769,100.0,False
694,0.0006399999997483974,6.214285714285714,100.0,False
695,0.000582000000122207,6.769230769230769,100.0,False
696,0.000578000000132306,6.769230769230769,100.0,False
697,0.0005759999999099819,6.769230769230769,100.0,False
698,0.0005750000000261934,6.769230769230769,100.0,False
699,0.0005849999997735722,6.769230769230769,100.0,False
700,0.0006659999999101274,6.214285714285714,100.0,False
701,0.000582000000122207,6.769230769230769,100.0,False
702,0.0005759999999099819,6.769230769230769,100.0,False
703,0.0005830000000059954,6.769230769230769,100.0,False
704,0.0006060000000616128,6.769230769230769,100.0,False
705,0.0005799999998998828,6.769230769230769,100.0,False
706,0.0005750000000261934,6.769230769230769,100.0,False
707,0.0005790000000160944,6.769230769230769,100.0,False
708,0.0006639999996878032,5.733333333333333,100.0,False
709,0.0005920000003243331,6.769230769230769,100.0,False
710,0.0005979999996270635,6.769230769230769,100.0,False
711,0.0005809999997836712,6.769230769230769,100.0,False
712,0.0005790000000160944,6.769230769230769,100.0,False
713,0.000578000000132306,6.769230769230769,100.0,False
714,0.0005940000000919099,6.769230769230769,100.0,False
715,0.0005769999997937703,6.769230769230769,100.0,False
716,0.0005779999996775587,6.769230769230769,100.0,False
717,0.0005900000001020089,6.769230769230769,100.0,False
718,0.0005779999996775587,6.769230769230769,100.0,False
719,0.0005859999996573606,6.769230769230769,100.0,False
720,0.000578000000132306,6.769230769230769,100.0,False
721,0.0005759999999099819,6.769230769230769,100.0,False
722,0.0005769999997937703,6.769230769230769,100.0,False
723,0.0006590000002688612,5.733333333333333,100.0,False
724,0.0005770000002485176,6.769230769230769,100.0,False
725,0.0008170000000973232,4.9411764705882355,100.0,False
726,0.0005850000002283195,6.769230769230769,100.0,False
727,0.000582000000122207,6.769230769230769,100.0,False
728,0.0005810000002384186,6.769230769230769,100.0,False
729,0.0005909999999857973,6.769230769230769,100.0,False
730,0.0005949999999756983,6.769230769230769,100.0,False
731,0.000578000000132306,6.769230769230769,100.0,False
732,0.0005799999998998828,6.769230769230769,100.0,False
733,0.000578000000132306,6.769230769230769,100.0,False
734,0.0006640000001425506,5.733333333333333,100.0,False
735,0.0005790000000160944,6.769230769230769,100.0,False
736,0.0005749999995714461,6.769230769230769,100.0,False
737,0.0007070000001476728,5.3125,100.0,False
738,0.0006630000002587622,5.733333333333333,100.0,False
739,0.0006739999998899293,5.733333333333333,100.0,False
740,0.0006619999999202264,5.733333333333333,100.0,False
741,0.0005750000000261934,6.769230769230769,100.0,False
742,0.000586000000112108,6.769230769230769,100.0,False
743,0.0005750000000261934,6.769230769230769,100.0,False
744,0.0005830000000059954,6.769230769230769,100.0,False
745,0.0005770000002485176,6.769230769230769,100.0,False
746,0.0008770000004005851,-0.9,100.0,False
747,0.0005769999997937703,6.769230769230769,100.0,False
748,0.001134000000092783,-0.9230769230769231,100.0,False
749,0.0005729999998038693,6.769230769230769,100.0,False
750,0.0005750000000261934,6.769230769230769,100.0,False
751,0.0005759999999099819,6.769230769230769,100.0,False
752,0.000574000000142405,6.769230769230769,100.0,False
753,0.0005810000002384186,6.769230769230769,100.0,False
754,0.0007470000000466825,-0.875,100.0,False
755,0.0008520000001226435,-0.8947368421052632,100.0,False
756,0.0005770000002485176,6.769230769230769,100.0,False
757,0.0005759999999099819,6.769230769230769,100.0,False
758,0.0005919999998695857,6.769230769230769,100.0,False
759,0.0005770000002485176,6.769230769230769,100.0,False
760,0.0005750000000261934,6.769230769230769,100.0,False
761,0.0007049999999253487,-0.875,100.0,False
762,0.000665000000026339,5.733333333333333,100.0,False
763,0.0005849999997735722,6.769230769230769,100.0,False
764,0.0005750000000261934,6.769230769230769,100.0,False
765,0.0005750000000261934,6.769230769230769,100.0,False
766,0.0005850000002283195,6.769230769230769,100.0,False
767,0.0005730000002586166,6.769230769230769,100.0,False
768,0.0005710000000362925,6.769230769230769,100.0,False
769,0.0007059999998091371,5.3125,100.0,False
770,0.0005719999999200809,6.769230769230769,100.0,False
771,0.0010860000002139714,-0.92,100.0,False
772,0.000747999999930471,4.9411764705882355,100.0,False
773,0.0005800000003546302,6.769230769230769,100.0,False
774,0.001067000000148255,-0.9130434782608695,100.0,False
775,0.0006640000001425506,5.733333333333333,100.0,False
776,0.000574000000142405,6.769230769230769,100.0,False
777,0.0006479999997281993,6.769230769230769,100.0,False
778,0.0005889999997634732,6.769230769230769,100.0,False
779,0.000582000000122207,6.769230769230769,100.0,False
780,0.0005809999997836712,6.769230769230769,100.0,False
781,0.0005779999996775587,6.769230769230769,100.0,False
782,0.0011089999998148414,-0.92,100.0,False
783,0.0005729999998038693,6.769230769230769,100.0,False
784,0.0006629999998040148,5.733333333333333,100.0,False
785,0.000578000000132306,6.769230769230769,100.0,False
786,0.000578000000132306,6.769230769230769,100.0,False
787,0.0006319999997685954,6.769230769230769,100.0,False
788,0.0005809999997836712,6.769230769230769,100.0,False
789,0.0006720000001223525,5.733333333333333,100.0,False
790,0.0005759999999099819,6.769230769230769,100.0,False
791,0.0005729999998038693,6.769230769230769,100.0,False
792,0.0005810000002384186,6.769230769230769,100.0,False
793,0.0005769999997937703,6.769230769230769,100.0,False
794,0.0006640000001425506,5.733333333333333,100.0,False
795,0.000578000000132306,6.769230769230769,100.0,False
796,0.0005769999997937703,6.769230769230769,100.0,False
797,0.0006339999999909196,6.769230769230769,100.0,False
798,0.0005830000000059954,6.769230769230769,100.0,False
799,0.0005790000000160944,6.769230769230769,100.0,False
800,0.0005759999999099819,6.769230769230769,100.0,False
801,0.0006639999996878032,5.733333333333333,100.0,False
802,0.0006060000000616128,6.769230769230769,100.0,False
803,0.0006840000000920554,5.733333333333333,100.0,False
804,0.000586000000112108,6.769230769230769,100.0,False
805,0.001224999999976717,-8.0,100.0,False
806,0.0009330000002591987,-0.9047619047619048,100.0,False
807,0.000574000000142405,6.769230769230769,100.0,False
808,0.0005759999999099819,6.769230769230769,100.0,False
809,0.000574000000142405,6.769230769230769,100.0,False
810,0.0006579999999303254,5.733333333333333,100.0,False
811,0.0005770000002485176,6.769230769230769,100.0,False
812,0.0005909999999857973,6.769230769230769,100.0,False
813,0.0006290000001172302,6.214285714285714,100.0,False
814,0.0006679999996777042,5.733333333333333,100.0,False
815,0.000574000000142405,6.769230769230769,100.0,False
816,0.0005760000003647292,6.769230769230769,100.0,False
817,0.0005759999999099819,6.769230769230769,100.0,False
818,0.0005790000000160944,6.769230769230769,100.0,False
819,0.0005759999999099819,6.769230769230769,100.0,False
820,0.0005790000000160944,6.769230769230769,100.0,False
821,0.0005889999997634732,6.769230769230769,100.0,False
822,0.0006269999998949061,6.769230769230769,100.0,False
823,0.000665000000026339,5.733333333333333,100.0,False
824,0.0006199999997988925,-0.8571428571428571,100.0,False
825,0.0005739999996876577,6.769230769230769,100.0,False
826,0.0011559999998098647,-0.9230769230769231,100.0,False
827,0.0005759999999099819,6.769230769230769,100.0,False
828,0.000582000000122207,6.769230769230769,100.0,False
829,0.0005799999998998828,6.769230769230769,100.0,False
830,0.0006560000001627486,6.769230769230769,100.0,False
831,0.000582000000122207,6.769230769230769,100.0,False
832,0.0006669999997939158,5.733333333333333,100.0,False
833,0.0005759999999099819,6.769230769230769,100.0,False
834,0.0006190000003698515,-0.8571428571428571,100.0,False
835,0.000586000000112108,6.769230769230769,100.0,False
836,0.0005739999996876577,6.769230769230769,100.0,False
837,0.0005710000000362925,6.769230769230769,100.0,False
838,0.0006680000001324515,5.733333333333333,100.0,False
839,0.0005759999999099819,6.769230769230769,100.0,False
840,0.0005869999999958964,6.769230769230769,100.0,False
841,0.000657000000046537,5.733333333333333,100.0,False
842,0.0005739999996876577,6.769230769230769,100.0,False
843,0.000574000000142405,6.769230769230769,100.0,False
844,0.0005719999999200809,6.769230769230769,100.0,False
845,0.000582000000122207,6.769230769230769,100.0,False
846,0.0006189999999151041,6.769230769230769,100.0,False
847,0.0005790000000160944,6.769230769230769,100.0,False
848,0.0005770000002485176,6.769230769230769,100.0,False
849,0.0005750000000261934,6.769230769230769,100.0,False
850,0.0005739999996876577,6.769230769230769,100.0,False
851,0.0005869999999958964,6.769230769230769,100.0,False
852,0.000574000000142405,6.769230769230769,100.0,False
853,0.0005759999999099819,6.769230769230769,100.0,False
854,0.0007500000001527951,4.9411764705882355,100.0,False
855,0.0005759999999099819,6.769230769230769,100.0,False
856,0.0005839999998897838,6.769230769230769,100.0,False
857,0.000665000000026339,5.733333333333333,100.0,False
858,0.0005750000000261934,6.769230769230769,100.0,False
859,0.0005790000000160944,6.769230769230769,100.0,False
860,0.0007579999996778497,-0.8823529411764706,100.0,False
861,0.000578000000132306,6.769230769230769,100.0,False
862,0.0010119999997186824,-0.9130434782608695,100.0,False
863,0.0005869999999958964,6.769230769230769,100.0,False
864,0.0006619999999202264,5.733333333333333,100.0,False
865,0.000586000000112108,6.769230769230769,100.0,False
866,0.000578000000132306,6.769230769230769,100.0,False
867,0.000665000000026339,5.733333333333333,100.0,False
868,0.000661000000036438,5.733333333333333,100.0,False
869,0.0005759999999099819,6.769230769230769,100.0,False
870,0.0005879999998796848,6.769230769230769,100.0,False
871,0.0005759999999099819,6.769230769230769,100.0,False
872,0.0005760000003647292,6.769230769230769,100.0,False
873,0.0005750000000261934,6.769230769230769,100.0,False
874,0.0005750000000261934,6.769230769230769,100.0,False
875,0.0007829999999557913,4.9411764705882355,100.0,False
876,0.0005949999999756983,6.769230769230769,100.0,False
877,0.000582000000122207,6.769230769230769,100.0,False
878,0.0005809999997836712,6.769230769230769,100.0,False
879,0.0006200000002536399,6.214285714285714,100.0,False
880,0.0005959999998594867,6.769230769230769,100.0,False
881,0.0005800000003546302,6.769230769230769,100.0,False
882,0.0010509999997339037,-0.9166666666666666,100.0,False
883,0.0005750000000261934,6.769230769230769,100.0,False
884,0.0006620000003749738,5.733333333333333,100.0,False
885,0.0005790000000160944,6.769230769230769,100.0,False
886,0.0005739999996876577,6.769230769230769,100.0,False
887,0.000582000000122207,6.769230769230769,100.0,False
888,0.0005739999996876577,6.769230769230769,100.0,False
889,0.0005790000000160944,6.769230769230769,100.0,False
890,0.0005859999996573606,6.769230769230769,100.0,False
891,0.0005759999999099819,6.769230769230769,100.0,False
892,0.0005769999997937703,6.769230769230769,100.0,False
893,0.000574000000142405,6.769230769230769,100.0,False
894,0.0005759999999099819,6.769230769230769,100.0,False
895,0.0005849999997735722,6.769230769230769,100.0,False
896,0.0006969999999455467,5.733333333333333,100.0,False
897,0.0005800000003546302,6.769230769230769,100.0,False
898,0.0005769999997937703,6.769230769230769,100.0,False
899,0.0005729999998038693,6.769230769230769,100.0,False
900,0.0006009999997331761,6.769230769230769,100.0,False
901,0.0007569999997940613,5.3125,100.0,False
902,0.0006630000002587622,5.733333333333333,100.0,False
903,0.000578000000132306,6.769230769230769,100.0,False
904,0.0005790000000160944,6.769230769230769,100.0,False
905,0.0005909999999857973,6.769230769230769,100.0,False
906,0.0005759999999099819,6.769230769230769,100.0,False
907,0.0008809999999357387,-0.9,100.0,False
908,0.0005730000002586166,6.769230769230769,100.0,False
909,0.0005759999999099819,6.769230769230769,100.0,False
910,0.0005730000002586166,6.769230769230769,100.0,False
911,0.0006260000000111177,6.769230769230769,100.0,False
912,0.0005790000000160944,6.769230769230769,100.0,False
913,0.0005769999997937703,6.769230769230769,100.0,False
914,0.000574000000142405,6.769230769230769,100.0,False
915,0.0006120000002738379,6.769230769230769,100.0,False
916,0.0006680000001324515,5.733333333333333,100.0,False
917,0.0005790000000160944,6.769230769230769,100.0,False
918,0.000574000000142405,6.769230769230769,100.0,False
919,0.0006630000002587622,5.733333333333333,100.0,False
920,0.0005890000002182205,6.769230769230769,100.0,False
921,0.000630999999884807,6.769230769230769,100.0,False
922,0.0005790000000160944,6.769230769230769,100.0,False
923,0.000574000000142405,6.769230769230769,100.0,False
924,0.0005730000002586166,6.769230769230769,100.0,False
925,0.0010480000000825385,-0.9090909090909091,100.0,False
926,0.0005830000000059954,6.769230769230769,100.0,False
927,0.0005790000000160944,6.769230769230769,100.0,False
928,0.000582000000122207,6.769230769230769,100.0,False
929,0.000582000000122207,6.769230769230769,100.0,False
930,0.0006699999999000283,5.733333333333333,100.0,False
931,0.0007949999999254942,-0.8888888888888888,100.0,False
932,0.0005759999999099819,6.769230769230769,100.0,False
933,0.0005760000003647292,6.769230769230769,100.0,False
934,0.0006730000000061409,5.733333333333333,100.0,False
935,0.0005969999997432751,6.769230769230769,100.0,False
936,0.001059000000168453,-0.9166666666666666,100.0,False
937,0.0005770000002485176,6.769230769230769,100.0,False
938,0.0005759999999099819,6.769230769230769,100.0,False
939,0.0006640000001425506,6.769230769230769,100.0,False
940,0.000638999999864609,6.214285714285714,100.0,False
941,0.0005770000002485176,6.769230769230769,100.0,False
942,0.0005750000000261934,6.769230769230769,100.0,False
943,0.000574000000142405,6.769230769230769,100.0,False
944,0.0006819999998697313,6.214285714285714,100.0,False
945,0.0006680000001324515,5.733333333333333,100.0,False
946,0.0005830000000059954,6.769230769230769,100.0,False
947,0.0005799999998998828,6.769230769230769,100.0,False
948,0.0005809999997836712,6.769230769230769,100.0,False
949,0.0005900000001020089,6.769230769230769,100.0,False
950,0.0005739999996876577,6.769230769230769,100.0,False
951,0.0005729999998038693,6.769230769230769,100.0,False
952,0.0005759999999099819,6.769230769230769,100.0,False
953,0.0005790000000160944,6.769230769230769,100.0,False
954,0.0005900000001020089,6.769230769230769,100.0,False
955,0.0006440000001930457,6.769230769230769,100.0,False
956,0.0005799999998998828,6.769230769230769,100.0,False
957,0.0006189999999151041,6.214285714285714,100.0,False
958,0.0005750000000261934,6.769230769230769,100.0,False
959,0.0005869999999958964,6.769230769230769,100.0,False
960,0.0005759999999099819,6.769230769230769,100.0,False
961,0.0005710000000362925,6.769230769230769,100.0,False
962,0.0005869999999958964,6.769230769230769,100.0,False
963,0.0005739999996876577,6.769230769230769,100.0,False
964,0.0006699999999000283,5.733333333333333,100.0,False
965,0.0005720000003748282,6.769230769230769,100.0,False
966,0.0005749999995714461,6.769230769230769,100.0,False
967,0.0005750000000261934,6.769230769230769,100.0,False
968,0.0005729999998038693,6.769230769230769,100.0,False
969,0.0005830000000059954,6.769230769230769,100.0,False
970,0.000713999999788939,5.733333333333333,100.0,False
971,0.000578000000132306,6.769230769230769,100.0,False
972,0.0005750000000261934,6.769230769230769,100.0,False
973,0.0005729999998038693,6.769230769230769,100.0,False
974,0.0005839999998897838,6.769230769230769,100.0,False
975,0.000582000000122207,6.769230769230769,100.0,False
976,0.0005750000000261934,6.769230769230769,100.0,False
977,0.0005769999997937703,6.769230769230769,100.0,False
978,0.0005790000000160944,6.769230769230769,100.0,False
979,0.0007220000002234883,-0.875,100.0,False
980,0.0005739999996876577,6.769230769230769,100.0,False
981,0.0005769999997937703,6.769230769230769,100.0,False
982,0.0005729999998038693,6.769230769230769,100.0,False
983,0.0005750000000261934,6.769230769230769,100.0,False
984,0.000578000000132306,6.769230769230769,100.0,False
985,0.0005810000002384186,6.769230769230769,100.0,False
986,0.0005759999999099819,6.769230769230769,100.0,False
987,0.0005729999998038693,6.769230769230769,100.0,False
988,0.0005799999998998828,6.769230769230769,100.0,False
989,0.0005759999999099819,6.769230769230769,100.0,False
990,0.0006730000000061409,5.733333333333333,100.0,False
991,0.0005730000002586166,6.769230769230769,100.0,False
992,0.0005770000002485176,6.769230769230769,100.0,False
993,0.000665000000026339,5.733333333333333,100.0,False
994,0.0006600000001526496,5.733333333333333,100.0,False
995,0.0006739999998899293,5.733333333333333,100.0,False
996,0.0005759999999099819,6.769230769230769,100.0,False
997,0.0005750000000261934,6.769230769230769,100.0,False
998,0.0005759999999099819,6.769230769230769,100.0,False
999,0.0007080000000314612,-0.875,100.0,False
1000,0.0006439999997382984,6.769230769230769,100.0,False
