episode,length,time,reward,delta
0,41.0,0.0019219999999222637,0.0,-0.0008015285365024435
1,22.0,0.0010029999999687789,0.0,-0.0005872790587693669
2,25.0,0.0011279999999942447,0.0,-0.0004938022589642058
3,45.0,0.0019860000001017397,0.0,-0.0003214070828333641
4,114.0,0.004891000000043277,0.0,-0.0006201107736148714
5,49.0,0.002200000000016189,0.0,-0.0002575263080714659
6,36.0,0.0015910000000758373,0.0,-0.00015314016414647895
7,65.0,0.002792999999996937,0.0,-0.0005960819610215922
8,69.0,0.002972999999997228,0.0,-0.0007668268468417371
9,17.0,0.0007760000000871514,0.0,-0.000518820924643407
10,73.0,0.003244999999992615,0.0,-0.000747996514773548
11,38.0,0.0016759999999749198,0.0,-0.00073095119478509
12,8.0,0.00039800000001832814,0.0,-0.000473148183768542
13,8.0,0.00039800000001832814,0.0,-0.00042583336539168775
14,37.0,0.001665000000002692,0.0,-0.00041275055465057333
15,40.0,0.0017489999999042993,0.0,2.296517522191148e-05
16,33.0,0.0014800000000150249,0.0,-0.00035757736459254353
17,125.0,0.005404999999996107,0.0,-0.0004099799786424763
18,111.0,0.004905000000007931,0.0,-0.0003401133597433054
19,32.0,0.00141299999995681,0.0,-0.0003061020237689749
20,14.0,0.0006540000000541113,0.0,-0.0002294071631803555
21,21.0,0.0009799999999131614,0.0,-0.0006731968632961932
22,19.0,0.0008699999999635111,0.0,-0.0008331176880331549
23,46.0,0.0020110000000386208,0.0,-0.0002754918213920774
24,122.0,0.005285999999955493,0.0,-0.0006058771769665739
25,37.0,0.0016200000000026193,0.0,-0.00018881474593074505
26,90.0,0.003938999999945736,0.0,-0.0002870524860514417
27,23.0,0.0010320000000092477,0.0,-0.0002583472374462975
28,33.0,0.0014650000000528962,0.0,-0.0005580996962533842
29,39.0,0.001702000000022963,0.0,-0.0005906843861080025
30,14.0,0.0006670000000212895,0.0,-0.00021575424084369402
31,63.0,0.0027209999999513457,0.0,-0.000536473764919433
32,19.0,0.0008619999999837091,0.0,-0.0006740432687637786
33,36.0,0.001680999999962296,0.0,-0.0001941788167593246
34,91.0,0.003917000000001281,0.0,-0.0001257872286550677
35,29.0,0.0012869999999338688,0.0,-0.00020396932359016413
36,45.0,0.0019720000000233995,0.0,-0.00012167078308794774
37,63.0,0.002847999999971762,0.0,-0.0001483677945672978
38,14.0,0.0006680000000187647,0.0,-0.00012066328446159595
39,28.0,0.001308999999992011,0.0,-0.0005022897266280458
40,19.0,0.0008659999999736101,0.0,-0.00046281526320584096
41,153.0,0.006613000000015745,0.0,-0.0004165337368852568
42,54.0,0.0023529999999709617,0.0,-0.00037488036319673117
43,7.0,0.0003749999999627107,0.0,-8.585062333708828e-05
44,9.0,0.00044000000002597517,0.0,-0.00012208012556949994
45,65.0,0.002832000000012158,0.0,-0.0003307625954465308
46,10.0,0.0004820000000336222,0.0,-0.00010987211301254997
47,60.0,0.0026649999999790452,0.0,-0.00029768633590187773
48,75.0,0.0032560000000785294,0.0,-0.00040210778261965736
49,40.0,0.0017679999999700158,0.0,-7.726556100337945e-05
50,63.0,0.0027580000000853033,0.0,-0.0007207431088376349
51,18.0,0.0008900000000267028,0.0,-9.269578115255049e-05
52,24.0,0.0010850000001028093,0.0,-7.236969109532077e-05
53,4.0,0.00022400000000288856,0.0,-6.95390049030415e-05
54,13.0,0.0006089999999403517,0.0,-0.000719325425122113
55,28.0,0.0012310000000752552,0.0,-8.330626667247407e-05
56,45.0,0.0020139999999173597,0.0,-7.971728004351149e-05
57,34.0,0.0014939999999796783,0.0,-5.5264946841994733e-05
58,13.0,0.0006220000000212167,0.0,-6.74254377906743e-05
59,46.0,0.002012000000036096,0.0,-0.0006678849684337264
60,40.0,0.0017510000000129367,0.0,-0.0002380146869625527
61,65.0,0.0028050000000803266,0.0,-0.00018331219542993616
62,26.0,0.0011650000000145155,0.0,-0.0006251853241071352
63,16.0,0.0007480000000441578,0.0,-4.9150881149306666e-05
64,64.0,0.0028489999999692373,0.0,-3.4891030521079196e-05
65,51.0,0.0022310000000516084,0.0,-0.0001800454163651154
66,76.0,0.0032760000000280343,0.0,-0.0006473928826099017
67,61.0,0.002647000000024491,0.0,-6.663384796006005e-05
68,33.0,0.0014810000000125,0.0,-3.134194226332003e-05
69,47.0,0.0020729999999957727,0.0,-0.0005658128915202865
70,41.0,0.0017850000000407817,0.0,8.229966385227197e-05
71,56.0,0.0024829999999838037,0.0,-0.0006207875563878832
72,37.0,0.0016399999999521242,0.0,-5.53755951503959e-05
73,21.0,0.0009589999999661813,0.0,-7.437786839737114e-06
74,58.0,0.00253500000007989,0.0,-6.694008155763405e-06
75,15.0,0.0007090000000289365,0.0,-0.00016204087472860385
76,87.0,0.003726000000028762,0.0,-0.0006901441621575634
77,15.0,0.0007360000000744549,0.0,-0.00018465714073123322
78,10.0,0.0005019999999831271,0.0,-6.024607340187062e-06
79,15.0,0.0006889999999657448,0.0,-2.068290782319237e-05
80,68.0,0.002972999999997228,0.0,1.186790742332207e-08
81,51.0,0.002216999999973268,0.0,-0.0006010964715903538
82,68.0,0.0029919999999492575,0.0,-0.00030904672754845697
83,46.0,0.001998999999955231,0.0,-0.0005595110419385738
84,11.0,0.0005240000000412692,0.0,1.8185868342045908e-06
85,17.0,0.0007729999999810389,0.0,1.6367281507841304e-06
86,54.0,0.002387999999996282,0.0,-0.00016740419206510765
87,45.0,0.001970000000028449,0.0,9.524142140108967e-06
88,49.0,0.0021400000000539876,0.0,-0.0006486687979538714
89,26.0,0.001174999999989268,0.0,1.0517151293222912e-05
90,35.0,0.0015410000000883883,0.0,-0.0007408010156046953
91,42.0,0.0018350000000282307,0.0,-0.0006182973724144702
92,48.0,0.00208199999997305,0.0,2.1821054128368393e-05
93,35.0,0.0015649999999141073,0.0,-0.00015066377285859688
94,41.0,0.0019810000000006767,0.0,-0.00014583678725574344
95,65.0,0.0028260000000273067,0.0,-8.356658091573635e-05
96,39.0,0.001736000000050808,0.0,-0.0002042122448948042
97,27.0,0.0011950000000524597,0.0,-0.0004828263884274897
98,45.0,0.0020260000000007494,0.0,-4.983803563535631e-05
99,32.0,0.0014160000000629225,0.0,4.478627835333634e-05
100,27.0,0.0012410000000500077,0.0,3.0097153685233993e-05
101,9.0,0.0004410000000234504,0.0,2.7087438316710598e-05
102,32.0,0.0014179999999441861,0.0,2.4378694485039534e-05
103,127.0,0.005504000000087217,0.0,-0.00026423685430841665
104,22.0,0.0010459999999739011,0.0,-0.0004398126675439237
105,141.0,0.006090999999969426,0.0,-0.00048239230012695025
106,18.0,0.0008230000000821747,0.0,4.259035351449536e-05
107,29.0,0.001316999999971813,0.0,4.5868533167373724e-05
108,153.0,0.006585999999970227,0.0,-0.0004996346130282511
109,72.0,0.0031259999999520005,0.0,-0.0008746998307757288
110,16.0,0.0007580000000189102,0.0,-0.00027814205479361127
111,206.0,0.00885999999991327,0.0,-4.485423207182068e-05
112,32.0,0.0014569999999594074,0.0,-0.00046655526789343027
113,17.0,0.0007900000000518048,0.0,5.6116770245012204e-05
114,39.0,0.0017080000000078144,0.0,5.050509322051099e-05
115,98.0,0.004205999999953747,0.0,5.510264112107487e-05
116,83.0,0.003570999999965352,0.0,4.952292783603847e-05
117,41.0,0.0017869999999220454,0.0,4.9626869656662055e-05
118,7.0,0.0003560000000106811,0.0,4.466418269099585e-05
119,68.0,0.0029930000000604196,0.0,4.019776442189626e-05
120,129.0,0.005543999999986227,0.0,3.6177987979706634e-05
121,18.0,0.0008219999999710126,0.0,3.8942453936598414e-05
122,7.0,0.00035500000001320586,0.0,6.225274561146211e-05
123,15.0,0.0007140000000163127,0.0,5.60274710503159e-05
124,39.0,0.001760999999987689,0.0,-0.00025407858109904446
125,14.0,0.0006540000000541113,0.0,5.155624993197424e-05
126,39.0,0.0017119999999977153,0.0,-0.0002503278493142501
127,33.0,0.0014740000000301734,0.0,-0.0001592082064010166
128,7.0,0.00036199999999553256,0.0,-4.845877679249704e-05
129,16.0,0.0007339999999658176,0.0,5.1391733157619436e-05
130,57.0,0.002525999999988926,0.0,6.287639095656995e-05
131,50.0,0.002223999999955595,0.0,5.658875186091296e-05
132,30.0,0.0013269999999465654,0.0,5.9563096779176496e-05
133,87.0,0.0037820000000010623,0.0,-9.708465579127046e-05
134,10.0,0.00048599999990983633,0.0,6.831989449982278e-05
135,25.0,0.0011129999999184292,0.0,-4.536203249666113e-05
136,60.0,0.002655000000004293,0.0,-0.0001498111202358242
137,5.0,0.00026800000000548607,0.0,5.126373378287647e-05
138,9.0,0.00043700000003354944,0.0,5.116171636076971e-05
139,23.0,0.0010280000000193468,0.0,6.148790504984051e-05
140,27.0,0.0012319999999590436,0.0,5.100422354202178e-05
141,28.0,0.001242000000047483,0.0,-0.00014328738576091494
142,18.0,0.0008209999999735373,0.0,-0.0002252950643828251
143,8.0,0.0004059999999981301,0.0,4.5903801187819604e-05
144,18.0,0.0008210000000872242,0.0,4.1313421069037645e-05
145,13.0,0.0006359999999858701,0.0,6.946851854705216e-05
146,32.0,0.0014169999999467109,0.0,4.309914336737229e-05
147,19.0,0.0008589999999912834,0.0,6.590501460662789e-05
148,50.0,0.0021719999999731954,0.0,4.967726038595564e-05
149,21.0,0.0009430000000065775,0.0,6.302136056406303e-05
150,29.0,0.0012849999999389183,0.0,4.4709534347360076e-05
151,107.0,0.004604000000085762,0.0,-0.000449671151725426
152,7.0,0.00037500000007639755,0.0,4.585550439921564e-05
153,17.0,0.0007779999999684151,0.0,4.673887799264258e-05
154,21.0,0.0009420000000091022,0.0,-0.0002027655579445426
155,52.0,0.0022470000000112123,0.0,-0.0006317201033900221
156,63.0,0.0028159999999388674,0.0,7.038349384966404e-05
157,10.0,0.0004799999999249849,0.0,6.665745062671934e-05
158,42.0,0.0018659999999499632,0.0,6.363785950316462e-05
159,12.0,0.0005889999999908468,0.0,5.613816161859735e-05
160,32.0,0.0014169999999467109,0.0,-0.000129798600508869
161,9.0,0.00043700000003354944,0.0,5.727407355284816e-05
162,8.0,0.00039800000001832814,0.0,5.154666619756334e-05
163,17.0,0.0008179999999811116,0.0,4.6391999577807004e-05
164,92.0,0.003962999999998829,0.0,-0.00047902357564993394
165,83.0,0.0036360000000286163,0.0,-3.6098005233319345e-05
166,20.0,0.0009079999999812571,0.0,-0.000426186805158739
167,39.0,0.0017230000000836299,0.0,-0.00010905992607868302
168,11.0,0.0005240000000412692,0.0,-9.81539334708147e-05
169,32.0,0.001442999999994754,0.0,-0.0007935879296266327
170,37.0,0.0016259999999874708,0.0,-4.082582924699501e-05
171,47.0,0.0020690000000058717,0.0,4.721624242520776e-05
172,32.0,0.0014199999999391366,0.0,-9.032463048061082e-05
173,45.0,0.00201599999991231,0.0,4.7892675747654246e-05
174,41.0,0.0017910000000256332,0.0,6.069404501934738e-05
175,12.0,0.0005740000000287182,0.0,5.756337950972673e-05
176,19.0,0.000853000000006432,0.0,5.6259916279960175e-05
177,12.0,0.0005720000000337677,0.0,-0.00018084723583894656
178,37.0,0.0016600000000153159,0.0,6.938251542496663e-05
179,24.0,0.0010849999999891224,0.0,-8.298771418686897e-05
180,20.0,0.0009069999999837819,0.0,-0.00038755185142744133
181,46.0,0.0020060000000512446,0.0,6.585001557742936e-05
182,10.0,0.000477000000046246,0.0,5.926501401968642e-05
183,34.0,0.001668999999992593,0.0,-0.0003835681246428651
184,10.0,0.00048500000002604793,0.0,5.763721818335023e-05
185,21.0,0.0009479999999939537,0.0,-0.0003462984937074965
186,10.0,0.0004759999999350839,0.0,6.391495677438158e-05
187,11.0,0.0005260000000362197,0.0,5.6319838478236746e-05
188,14.0,0.0006710000000111904,0.0,7.406969746704477e-05
189,25.0,0.0011100000000396903,0.0,5.752346109694342e-05
190,4.0,0.00022599999999783904,0.0,5.177111498724908e-05
191,14.0,0.0006950000000642831,0.0,4.6594003488524175e-05
192,40.0,0.0017830000000458313,0.0,5.526824795923187e-05
193,56.0,0.0024489999999559586,0.0,-0.0004573802375242328
194,17.0,0.0008090000000038344,0.0,6.66627277203403e-05
195,54.0,0.0024040000000695727,0.0,6.338138284848148e-05
196,23.0,0.001025000000026921,0.0,4.193460313967176e-05
197,11.0,0.0005280000000311702,0.0,3.774114282570458e-05
198,12.0,0.000601999999958025,0.0,5.704324456363333e-05
199,6.0,0.00032200000009652285,0.0,3.396702854313412e-05
200,0.0,0.0,0.0,0.0
201,0.0,0.0,0.0,0.0
202,0.0,0.0,0.0,0.0
203,0.0,0.0,0.0,0.0
204,0.0,0.0,0.0,0.0
205,0.0,0.0,0.0,0.0
206,0.0,0.0,0.0,0.0
207,0.0,0.0,0.0,0.0
208,0.0,0.0,0.0,0.0
209,0.0,0.0,0.0,0.0
210,0.0,0.0,0.0,0.0
211,0.0,0.0,0.0,0.0
212,0.0,0.0,0.0,0.0
213,0.0,0.0,0.0,0.0
214,0.0,0.0,0.0,0.0
215,0.0,0.0,0.0,0.0
216,0.0,0.0,0.0,0.0
217,0.0,0.0,0.0,0.0
218,0.0,0.0,0.0,0.0
219,0.0,0.0,0.0,0.0
220,0.0,0.0,0.0,0.0
221,0.0,0.0,0.0,0.0
222,0.0,0.0,0.0,0.0
223,0.0,0.0,0.0,0.0
224,0.0,0.0,0.0,0.0
225,0.0,0.0,0.0,0.0
226,0.0,0.0,0.0,0.0
227,0.0,0.0,0.0,0.0
228,0.0,0.0,0.0,0.0
229,0.0,0.0,0.0,0.0
230,0.0,0.0,0.0,0.0
231,0.0,0.0,0.0,0.0
232,0.0,0.0,0.0,0.0
233,0.0,0.0,0.0,0.0
234,0.0,0.0,0.0,0.0
235,0.0,0.0,0.0,0.0
236,0.0,0.0,0.0,0.0
237,0.0,0.0,0.0,0.0
238,0.0,0.0,0.0,0.0
239,0.0,0.0,0.0,0.0
240,0.0,0.0,0.0,0.0
241,0.0,0.0,0.0,0.0
242,0.0,0.0,0.0,0.0
243,0.0,0.0,0.0,0.0
244,0.0,0.0,0.0,0.0
245,0.0,0.0,0.0,0.0
246,0.0,0.0,0.0,0.0
247,0.0,0.0,0.0,0.0
248,0.0,0.0,0.0,0.0
249,0.0,0.0,0.0,0.0
250,0.0,0.0,0.0,0.0
251,0.0,0.0,0.0,0.0
252,0.0,0.0,0.0,0.0
253,0.0,0.0,0.0,0.0
254,0.0,0.0,0.0,0.0
255,0.0,0.0,0.0,0.0
256,0.0,0.0,0.0,0.0
257,0.0,0.0,0.0,0.0
258,0.0,0.0,0.0,0.0
259,0.0,0.0,0.0,0.0
260,0.0,0.0,0.0,0.0
261,0.0,0.0,0.0,0.0
262,0.0,0.0,0.0,0.0
263,0.0,0.0,0.0,0.0
264,0.0,0.0,0.0,0.0
265,0.0,0.0,0.0,0.0
266,0.0,0.0,0.0,0.0
267,0.0,0.0,0.0,0.0
268,0.0,0.0,0.0,0.0
269,0.0,0.0,0.0,0.0
270,0.0,0.0,0.0,0.0
271,0.0,0.0,0.0,0.0
272,0.0,0.0,0.0,0.0
273,0.0,0.0,0.0,0.0
274,0.0,0.0,0.0,0.0
275,0.0,0.0,0.0,0.0
276,0.0,0.0,0.0,0.0
277,0.0,0.0,0.0,0.0
278,0.0,0.0,0.0,0.0
279,0.0,0.0,0.0,0.0
280,0.0,0.0,0.0,0.0
281,0.0,0.0,0.0,0.0
282,0.0,0.0,0.0,0.0
283,0.0,0.0,0.0,0.0
284,0.0,0.0,0.0,0.0
285,0.0,0.0,0.0,0.0
286,0.0,0.0,0.0,0.0
287,0.0,0.0,0.0,0.0
288,0.0,0.0,0.0,0.0
289,0.0,0.0,0.0,0.0
290,0.0,0.0,0.0,0.0
291,0.0,0.0,0.0,0.0
292,0.0,0.0,0.0,0.0
293,0.0,0.0,0.0,0.0
294,0.0,0.0,0.0,0.0
295,0.0,0.0,0.0,0.0
296,0.0,0.0,0.0,0.0
297,0.0,0.0,0.0,0.0
298,0.0,0.0,0.0,0.0
299,0.0,0.0,0.0,0.0
300,0.0,0.0,0.0,0.0
301,0.0,0.0,0.0,0.0
302,0.0,0.0,0.0,0.0
303,0.0,0.0,0.0,0.0
304,0.0,0.0,0.0,0.0
305,0.0,0.0,0.0,0.0
306,0.0,0.0,0.0,0.0
307,0.0,0.0,0.0,0.0
308,0.0,0.0,0.0,0.0
309,0.0,0.0,0.0,0.0
310,0.0,0.0,0.0,0.0
311,0.0,0.0,0.0,0.0
312,0.0,0.0,0.0,0.0
313,0.0,0.0,0.0,0.0
314,0.0,0.0,0.0,0.0
315,0.0,0.0,0.0,0.0
316,0.0,0.0,0.0,0.0
317,0.0,0.0,0.0,0.0
318,0.0,0.0,0.0,0.0
319,0.0,0.0,0.0,0.0
320,0.0,0.0,0.0,0.0
321,0.0,0.0,0.0,0.0
322,0.0,0.0,0.0,0.0
323,0.0,0.0,0.0,0.0
324,0.0,0.0,0.0,0.0
325,0.0,0.0,0.0,0.0
326,0.0,0.0,0.0,0.0
327,0.0,0.0,0.0,0.0
328,0.0,0.0,0.0,0.0
329,0.0,0.0,0.0,0.0
330,0.0,0.0,0.0,0.0
331,0.0,0.0,0.0,0.0
332,0.0,0.0,0.0,0.0
333,0.0,0.0,0.0,0.0
334,0.0,0.0,0.0,0.0
335,0.0,0.0,0.0,0.0
336,0.0,0.0,0.0,0.0
337,0.0,0.0,0.0,0.0
338,0.0,0.0,0.0,0.0
339,0.0,0.0,0.0,0.0
340,0.0,0.0,0.0,0.0
341,0.0,0.0,0.0,0.0
342,0.0,0.0,0.0,0.0
343,0.0,0.0,0.0,0.0
344,0.0,0.0,0.0,0.0
345,0.0,0.0,0.0,0.0
346,0.0,0.0,0.0,0.0
347,0.0,0.0,0.0,0.0
348,0.0,0.0,0.0,0.0
349,0.0,0.0,0.0,0.0
350,0.0,0.0,0.0,0.0
351,0.0,0.0,0.0,0.0
352,0.0,0.0,0.0,0.0
353,0.0,0.0,0.0,0.0
354,0.0,0.0,0.0,0.0
355,0.0,0.0,0.0,0.0
356,0.0,0.0,0.0,0.0
357,0.0,0.0,0.0,0.0
358,0.0,0.0,0.0,0.0
359,0.0,0.0,0.0,0.0
360,0.0,0.0,0.0,0.0
361,0.0,0.0,0.0,0.0
362,0.0,0.0,0.0,0.0
363,0.0,0.0,0.0,0.0
364,0.0,0.0,0.0,0.0
365,0.0,0.0,0.0,0.0
366,0.0,0.0,0.0,0.0
367,0.0,0.0,0.0,0.0
368,0.0,0.0,0.0,0.0
369,0.0,0.0,0.0,0.0
370,0.0,0.0,0.0,0.0
371,0.0,0.0,0.0,0.0
372,0.0,0.0,0.0,0.0
373,0.0,0.0,0.0,0.0
374,0.0,0.0,0.0,0.0
375,0.0,0.0,0.0,0.0
376,0.0,0.0,0.0,0.0
377,0.0,0.0,0.0,0.0
378,0.0,0.0,0.0,0.0
379,0.0,0.0,0.0,0.0
380,0.0,0.0,0.0,0.0
381,0.0,0.0,0.0,0.0
382,0.0,0.0,0.0,0.0
383,0.0,0.0,0.0,0.0
384,0.0,0.0,0.0,0.0
385,0.0,0.0,0.0,0.0
386,0.0,0.0,0.0,0.0
387,0.0,0.0,0.0,0.0
388,0.0,0.0,0.0,0.0
389,0.0,0.0,0.0,0.0
390,0.0,0.0,0.0,0.0
391,0.0,0.0,0.0,0.0
392,0.0,0.0,0.0,0.0
393,0.0,0.0,0.0,0.0
394,0.0,0.0,0.0,0.0
395,0.0,0.0,0.0,0.0
396,0.0,0.0,0.0,0.0
397,0.0,0.0,0.0,0.0
398,0.0,0.0,0.0,0.0
399,0.0,0.0,0.0,0.0
400,0.0,0.0,0.0,0.0
401,0.0,0.0,0.0,0.0
402,0.0,0.0,0.0,0.0
403,0.0,0.0,0.0,0.0
404,0.0,0.0,0.0,0.0
405,0.0,0.0,0.0,0.0
406,0.0,0.0,0.0,0.0
407,0.0,0.0,0.0,0.0
408,0.0,0.0,0.0,0.0
409,0.0,0.0,0.0,0.0
410,0.0,0.0,0.0,0.0
411,0.0,0.0,0.0,0.0
412,0.0,0.0,0.0,0.0
413,0.0,0.0,0.0,0.0
414,0.0,0.0,0.0,0.0
415,0.0,0.0,0.0,0.0
416,0.0,0.0,0.0,0.0
417,0.0,0.0,0.0,0.0
418,0.0,0.0,0.0,0.0
419,0.0,0.0,0.0,0.0
420,0.0,0.0,0.0,0.0
421,0.0,0.0,0.0,0.0
422,0.0,0.0,0.0,0.0
423,0.0,0.0,0.0,0.0
424,0.0,0.0,0.0,0.0
425,0.0,0.0,0.0,0.0
426,0.0,0.0,0.0,0.0
427,0.0,0.0,0.0,0.0
428,0.0,0.0,0.0,0.0
429,0.0,0.0,0.0,0.0
430,0.0,0.0,0.0,0.0
431,0.0,0.0,0.0,0.0
432,0.0,0.0,0.0,0.0
433,0.0,0.0,0.0,0.0
434,0.0,0.0,0.0,0.0
435,0.0,0.0,0.0,0.0
436,0.0,0.0,0.0,0.0
437,0.0,0.0,0.0,0.0
438,0.0,0.0,0.0,0.0
439,0.0,0.0,0.0,0.0
440,0.0,0.0,0.0,0.0
441,0.0,0.0,0.0,0.0
442,0.0,0.0,0.0,0.0
443,0.0,0.0,0.0,0.0
444,0.0,0.0,0.0,0.0
445,0.0,0.0,0.0,0.0
446,0.0,0.0,0.0,0.0
447,0.0,0.0,0.0,0.0
448,0.0,0.0,0.0,0.0
449,0.0,0.0,0.0,0.0
450,0.0,0.0,0.0,0.0
451,0.0,0.0,0.0,0.0
452,0.0,0.0,0.0,0.0
453,0.0,0.0,0.0,0.0
454,0.0,0.0,0.0,0.0
455,0.0,0.0,0.0,0.0
456,0.0,0.0,0.0,0.0
457,0.0,0.0,0.0,0.0
458,0.0,0.0,0.0,0.0
459,0.0,0.0,0.0,0.0
460,0.0,0.0,0.0,0.0
461,0.0,0.0,0.0,0.0
462,0.0,0.0,0.0,0.0
463,0.0,0.0,0.0,0.0
464,0.0,0.0,0.0,0.0
465,0.0,0.0,0.0,0.0
466,0.0,0.0,0.0,0.0
467,0.0,0.0,0.0,0.0
468,0.0,0.0,0.0,0.0
469,0.0,0.0,0.0,0.0
470,0.0,0.0,0.0,0.0
471,0.0,0.0,0.0,0.0
472,0.0,0.0,0.0,0.0
473,0.0,0.0,0.0,0.0
474,0.0,0.0,0.0,0.0
475,0.0,0.0,0.0,0.0
476,0.0,0.0,0.0,0.0
477,0.0,0.0,0.0,0.0
478,0.0,0.0,0.0,0.0
479,0.0,0.0,0.0,0.0
480,0.0,0.0,0.0,0.0
481,0.0,0.0,0.0,0.0
482,0.0,0.0,0.0,0.0
483,0.0,0.0,0.0,0.0
484,0.0,0.0,0.0,0.0
485,0.0,0.0,0.0,0.0
486,0.0,0.0,0.0,0.0
487,0.0,0.0,0.0,0.0
488,0.0,0.0,0.0,0.0
489,0.0,0.0,0.0,0.0
490,0.0,0.0,0.0,0.0
491,0.0,0.0,0.0,0.0
492,0.0,0.0,0.0,0.0
493,0.0,0.0,0.0,0.0
494,0.0,0.0,0.0,0.0
495,0.0,0.0,0.0,0.0
496,0.0,0.0,0.0,0.0
497,0.0,0.0,0.0,0.0
498,0.0,0.0,0.0,0.0
499,0.0,0.0,0.0,0.0
500,0.0,0.0,0.0,0.0
501,0.0,0.0,0.0,0.0
502,0.0,0.0,0.0,0.0
503,0.0,0.0,0.0,0.0
504,0.0,0.0,0.0,0.0
505,0.0,0.0,0.0,0.0
506,0.0,0.0,0.0,0.0
507,0.0,0.0,0.0,0.0
508,0.0,0.0,0.0,0.0
509,0.0,0.0,0.0,0.0
510,0.0,0.0,0.0,0.0
511,0.0,0.0,0.0,0.0
512,0.0,0.0,0.0,0.0
513,0.0,0.0,0.0,0.0
514,0.0,0.0,0.0,0.0
515,0.0,0.0,0.0,0.0
516,0.0,0.0,0.0,0.0
517,0.0,0.0,0.0,0.0
518,0.0,0.0,0.0,0.0
519,0.0,0.0,0.0,0.0
520,0.0,0.0,0.0,0.0
521,0.0,0.0,0.0,0.0
522,0.0,0.0,0.0,0.0
523,0.0,0.0,0.0,0.0
524,0.0,0.0,0.0,0.0
525,0.0,0.0,0.0,0.0
526,0.0,0.0,0.0,0.0
527,0.0,0.0,0.0,0.0
528,0.0,0.0,0.0,0.0
529,0.0,0.0,0.0,0.0
530,0.0,0.0,0.0,0.0
531,0.0,0.0,0.0,0.0
532,0.0,0.0,0.0,0.0
533,0.0,0.0,0.0,0.0
534,0.0,0.0,0.0,0.0
535,0.0,0.0,0.0,0.0
536,0.0,0.0,0.0,0.0
537,0.0,0.0,0.0,0.0
538,0.0,0.0,0.0,0.0
539,0.0,0.0,0.0,0.0
540,0.0,0.0,0.0,0.0
541,0.0,0.0,0.0,0.0
542,0.0,0.0,0.0,0.0
543,0.0,0.0,0.0,0.0
544,0.0,0.0,0.0,0.0
545,0.0,0.0,0.0,0.0
546,0.0,0.0,0.0,0.0
547,0.0,0.0,0.0,0.0
548,0.0,0.0,0.0,0.0
549,0.0,0.0,0.0,0.0
550,0.0,0.0,0.0,0.0
551,0.0,0.0,0.0,0.0
552,0.0,0.0,0.0,0.0
553,0.0,0.0,0.0,0.0
554,0.0,0.0,0.0,0.0
555,0.0,0.0,0.0,0.0
556,0.0,0.0,0.0,0.0
557,0.0,0.0,0.0,0.0
558,0.0,0.0,0.0,0.0
559,0.0,0.0,0.0,0.0
560,0.0,0.0,0.0,0.0
561,0.0,0.0,0.0,0.0
562,0.0,0.0,0.0,0.0
563,0.0,0.0,0.0,0.0
564,0.0,0.0,0.0,0.0
565,0.0,0.0,0.0,0.0
566,0.0,0.0,0.0,0.0
567,0.0,0.0,0.0,0.0
568,0.0,0.0,0.0,0.0
569,0.0,0.0,0.0,0.0
570,0.0,0.0,0.0,0.0
571,0.0,0.0,0.0,0.0
572,0.0,0.0,0.0,0.0
573,0.0,0.0,0.0,0.0
574,0.0,0.0,0.0,0.0
575,0.0,0.0,0.0,0.0
576,0.0,0.0,0.0,0.0
577,0.0,0.0,0.0,0.0
578,0.0,0.0,0.0,0.0
579,0.0,0.0,0.0,0.0
580,0.0,0.0,0.0,0.0
581,0.0,0.0,0.0,0.0
582,0.0,0.0,0.0,0.0
583,0.0,0.0,0.0,0.0
584,0.0,0.0,0.0,0.0
585,0.0,0.0,0.0,0.0
586,0.0,0.0,0.0,0.0
587,0.0,0.0,0.0,0.0
588,0.0,0.0,0.0,0.0
589,0.0,0.0,0.0,0.0
590,0.0,0.0,0.0,0.0
591,0.0,0.0,0.0,0.0
592,0.0,0.0,0.0,0.0
593,0.0,0.0,0.0,0.0
594,0.0,0.0,0.0,0.0
595,0.0,0.0,0.0,0.0
596,0.0,0.0,0.0,0.0
597,0.0,0.0,0.0,0.0
598,0.0,0.0,0.0,0.0
599,0.0,0.0,0.0,0.0
600,0.0,0.0,0.0,0.0
601,0.0,0.0,0.0,0.0
602,0.0,0.0,0.0,0.0
603,0.0,0.0,0.0,0.0
604,0.0,0.0,0.0,0.0
605,0.0,0.0,0.0,0.0
606,0.0,0.0,0.0,0.0
607,0.0,0.0,0.0,0.0
608,0.0,0.0,0.0,0.0
609,0.0,0.0,0.0,0.0
610,0.0,0.0,0.0,0.0
611,0.0,0.0,0.0,0.0
612,0.0,0.0,0.0,0.0
613,0.0,0.0,0.0,0.0
614,0.0,0.0,0.0,0.0
615,0.0,0.0,0.0,0.0
616,0.0,0.0,0.0,0.0
617,0.0,0.0,0.0,0.0
618,0.0,0.0,0.0,0.0
619,0.0,0.0,0.0,0.0
620,0.0,0.0,0.0,0.0
621,0.0,0.0,0.0,0.0
622,0.0,0.0,0.0,0.0
623,0.0,0.0,0.0,0.0
624,0.0,0.0,0.0,0.0
625,0.0,0.0,0.0,0.0
626,0.0,0.0,0.0,0.0
627,0.0,0.0,0.0,0.0
628,0.0,0.0,0.0,0.0
629,0.0,0.0,0.0,0.0
630,0.0,0.0,0.0,0.0
631,0.0,0.0,0.0,0.0
632,0.0,0.0,0.0,0.0
633,0.0,0.0,0.0,0.0
634,0.0,0.0,0.0,0.0
635,0.0,0.0,0.0,0.0
636,0.0,0.0,0.0,0.0
637,0.0,0.0,0.0,0.0
638,0.0,0.0,0.0,0.0
639,0.0,0.0,0.0,0.0
640,0.0,0.0,0.0,0.0
641,0.0,0.0,0.0,0.0
642,0.0,0.0,0.0,0.0
643,0.0,0.0,0.0,0.0
644,0.0,0.0,0.0,0.0
645,0.0,0.0,0.0,0.0
646,0.0,0.0,0.0,0.0
647,0.0,0.0,0.0,0.0
648,0.0,0.0,0.0,0.0
649,0.0,0.0,0.0,0.0
650,0.0,0.0,0.0,0.0
651,0.0,0.0,0.0,0.0
652,0.0,0.0,0.0,0.0
653,0.0,0.0,0.0,0.0
654,0.0,0.0,0.0,0.0
655,0.0,0.0,0.0,0.0
656,0.0,0.0,0.0,0.0
657,0.0,0.0,0.0,0.0
658,0.0,0.0,0.0,0.0
659,0.0,0.0,0.0,0.0
660,0.0,0.0,0.0,0.0
661,0.0,0.0,0.0,0.0
662,0.0,0.0,0.0,0.0
663,0.0,0.0,0.0,0.0
664,0.0,0.0,0.0,0.0
665,0.0,0.0,0.0,0.0
666,0.0,0.0,0.0,0.0
667,0.0,0.0,0.0,0.0
668,0.0,0.0,0.0,0.0
669,0.0,0.0,0.0,0.0
670,0.0,0.0,0.0,0.0
671,0.0,0.0,0.0,0.0
672,0.0,0.0,0.0,0.0
673,0.0,0.0,0.0,0.0
674,0.0,0.0,0.0,0.0
675,0.0,0.0,0.0,0.0
676,0.0,0.0,0.0,0.0
677,0.0,0.0,0.0,0.0
678,0.0,0.0,0.0,0.0
679,0.0,0.0,0.0,0.0
680,0.0,0.0,0.0,0.0
681,0.0,0.0,0.0,0.0
682,0.0,0.0,0.0,0.0
683,0.0,0.0,0.0,0.0
684,0.0,0.0,0.0,0.0
685,0.0,0.0,0.0,0.0
686,0.0,0.0,0.0,0.0
687,0.0,0.0,0.0,0.0
688,0.0,0.0,0.0,0.0
689,0.0,0.0,0.0,0.0
690,0.0,0.0,0.0,0.0
691,0.0,0.0,0.0,0.0
692,0.0,0.0,0.0,0.0
693,0.0,0.0,0.0,0.0
694,0.0,0.0,0.0,0.0
695,0.0,0.0,0.0,0.0
696,0.0,0.0,0.0,0.0
697,0.0,0.0,0.0,0.0
698,0.0,0.0,0.0,0.0
699,0.0,0.0,0.0,0.0
700,0.0,0.0,0.0,0.0
701,0.0,0.0,0.0,0.0
702,0.0,0.0,0.0,0.0
703,0.0,0.0,0.0,0.0
704,0.0,0.0,0.0,0.0
705,0.0,0.0,0.0,0.0
706,0.0,0.0,0.0,0.0
707,0.0,0.0,0.0,0.0
708,0.0,0.0,0.0,0.0
709,0.0,0.0,0.0,0.0
710,0.0,0.0,0.0,0.0
711,0.0,0.0,0.0,0.0
712,0.0,0.0,0.0,0.0
713,0.0,0.0,0.0,0.0
714,0.0,0.0,0.0,0.0
715,0.0,0.0,0.0,0.0
716,0.0,0.0,0.0,0.0
717,0.0,0.0,0.0,0.0
718,0.0,0.0,0.0,0.0
719,0.0,0.0,0.0,0.0
720,0.0,0.0,0.0,0.0
721,0.0,0.0,0.0,0.0
722,0.0,0.0,0.0,0.0
723,0.0,0.0,0.0,0.0
724,0.0,0.0,0.0,0.0
725,0.0,0.0,0.0,0.0
726,0.0,0.0,0.0,0.0
727,0.0,0.0,0.0,0.0
728,0.0,0.0,0.0,0.0
729,0.0,0.0,0.0,0.0
730,0.0,0.0,0.0,0.0
731,0.0,0.0,0.0,0.0
732,0.0,0.0,0.0,0.0
733,0.0,0.0,0.0,0.0
734,0.0,0.0,0.0,0.0
735,0.0,0.0,0.0,0.0
736,0.0,0.0,0.0,0.0
737,0.0,0.0,0.0,0.0
738,0.0,0.0,0.0,0.0
739,0.0,0.0,0.0,0.0
740,0.0,0.0,0.0,0.0
741,0.0,0.0,0.0,0.0
742,0.0,0.0,0.0,0.0
743,0.0,0.0,0.0,0.0
744,0.0,0.0,0.0,0.0
745,0.0,0.0,0.0,0.0
746,0.0,0.0,0.0,0.0
747,0.0,0.0,0.0,0.0
748,0.0,0.0,0.0,0.0
749,0.0,0.0,0.0,0.0
750,0.0,0.0,0.0,0.0
751,0.0,0.0,0.0,0.0
752,0.0,0.0,0.0,0.0
753,0.0,0.0,0.0,0.0
754,0.0,0.0,0.0,0.0
755,0.0,0.0,0.0,0.0
756,0.0,0.0,0.0,0.0
757,0.0,0.0,0.0,0.0
758,0.0,0.0,0.0,0.0
759,0.0,0.0,0.0,0.0
760,0.0,0.0,0.0,0.0
761,0.0,0.0,0.0,0.0
762,0.0,0.0,0.0,0.0
763,0.0,0.0,0.0,0.0
764,0.0,0.0,0.0,0.0
765,0.0,0.0,0.0,0.0
766,0.0,0.0,0.0,0.0
767,0.0,0.0,0.0,0.0
768,0.0,0.0,0.0,0.0
769,0.0,0.0,0.0,0.0
770,0.0,0.0,0.0,0.0
771,0.0,0.0,0.0,0.0
772,0.0,0.0,0.0,0.0
773,0.0,0.0,0.0,0.0
774,0.0,0.0,0.0,0.0
775,0.0,0.0,0.0,0.0
776,0.0,0.0,0.0,0.0
777,0.0,0.0,0.0,0.0
778,0.0,0.0,0.0,0.0
779,0.0,0.0,0.0,0.0
780,0.0,0.0,0.0,0.0
781,0.0,0.0,0.0,0.0
782,0.0,0.0,0.0,0.0
783,0.0,0.0,0.0,0.0
784,0.0,0.0,0.0,0.0
785,0.0,0.0,0.0,0.0
786,0.0,0.0,0.0,0.0
787,0.0,0.0,0.0,0.0
788,0.0,0.0,0.0,0.0
789,0.0,0.0,0.0,0.0
790,0.0,0.0,0.0,0.0
791,0.0,0.0,0.0,0.0
792,0.0,0.0,0.0,0.0
793,0.0,0.0,0.0,0.0
794,0.0,0.0,0.0,0.0
795,0.0,0.0,0.0,0.0
796,0.0,0.0,0.0,0.0
797,0.0,0.0,0.0,0.0
798,0.0,0.0,0.0,0.0
799,0.0,0.0,0.0,0.0
800,0.0,0.0,0.0,0.0
801,0.0,0.0,0.0,0.0
802,0.0,0.0,0.0,0.0
803,0.0,0.0,0.0,0.0
804,0.0,0.0,0.0,0.0
805,0.0,0.0,0.0,0.0
806,0.0,0.0,0.0,0.0
807,0.0,0.0,0.0,0.0
808,0.0,0.0,0.0,0.0
809,0.0,0.0,0.0,0.0
810,0.0,0.0,0.0,0.0
811,0.0,0.0,0.0,0.0
812,0.0,0.0,0.0,0.0
813,0.0,0.0,0.0,0.0
814,0.0,0.0,0.0,0.0
815,0.0,0.0,0.0,0.0
816,0.0,0.0,0.0,0.0
817,0.0,0.0,0.0,0.0
818,0.0,0.0,0.0,0.0
819,0.0,0.0,0.0,0.0
820,0.0,0.0,0.0,0.0
821,0.0,0.0,0.0,0.0
822,0.0,0.0,0.0,0.0
823,0.0,0.0,0.0,0.0
824,0.0,0.0,0.0,0.0
825,0.0,0.0,0.0,0.0
826,0.0,0.0,0.0,0.0
827,0.0,0.0,0.0,0.0
828,0.0,0.0,0.0,0.0
829,0.0,0.0,0.0,0.0
830,0.0,0.0,0.0,0.0
831,0.0,0.0,0.0,0.0
832,0.0,0.0,0.0,0.0
833,0.0,0.0,0.0,0.0
834,0.0,0.0,0.0,0.0
835,0.0,0.0,0.0,0.0
836,0.0,0.0,0.0,0.0
837,0.0,0.0,0.0,0.0
838,0.0,0.0,0.0,0.0
839,0.0,0.0,0.0,0.0
840,0.0,0.0,0.0,0.0
841,0.0,0.0,0.0,0.0
842,0.0,0.0,0.0,0.0
843,0.0,0.0,0.0,0.0
844,0.0,0.0,0.0,0.0
845,0.0,0.0,0.0,0.0
846,0.0,0.0,0.0,0.0
847,0.0,0.0,0.0,0.0
848,0.0,0.0,0.0,0.0
849,0.0,0.0,0.0,0.0
850,0.0,0.0,0.0,0.0
851,0.0,0.0,0.0,0.0
852,0.0,0.0,0.0,0.0
853,0.0,0.0,0.0,0.0
854,0.0,0.0,0.0,0.0
855,0.0,0.0,0.0,0.0
856,0.0,0.0,0.0,0.0
857,0.0,0.0,0.0,0.0
858,0.0,0.0,0.0,0.0
859,0.0,0.0,0.0,0.0
860,0.0,0.0,0.0,0.0
861,0.0,0.0,0.0,0.0
862,0.0,0.0,0.0,0.0
863,0.0,0.0,0.0,0.0
864,0.0,0.0,0.0,0.0
865,0.0,0.0,0.0,0.0
866,0.0,0.0,0.0,0.0
867,0.0,0.0,0.0,0.0
868,0.0,0.0,0.0,0.0
869,0.0,0.0,0.0,0.0
870,0.0,0.0,0.0,0.0
871,0.0,0.0,0.0,0.0
872,0.0,0.0,0.0,0.0
873,0.0,0.0,0.0,0.0
874,0.0,0.0,0.0,0.0
875,0.0,0.0,0.0,0.0
876,0.0,0.0,0.0,0.0
877,0.0,0.0,0.0,0.0
878,0.0,0.0,0.0,0.0
879,0.0,0.0,0.0,0.0
880,0.0,0.0,0.0,0.0
881,0.0,0.0,0.0,0.0
882,0.0,0.0,0.0,0.0
883,0.0,0.0,0.0,0.0
884,0.0,0.0,0.0,0.0
885,0.0,0.0,0.0,0.0
886,0.0,0.0,0.0,0.0
887,0.0,0.0,0.0,0.0
888,0.0,0.0,0.0,0.0
889,0.0,0.0,0.0,0.0
890,0.0,0.0,0.0,0.0
891,0.0,0.0,0.0,0.0
892,0.0,0.0,0.0,0.0
893,0.0,0.0,0.0,0.0
894,0.0,0.0,0.0,0.0
895,0.0,0.0,0.0,0.0
896,0.0,0.0,0.0,0.0
897,0.0,0.0,0.0,0.0
898,0.0,0.0,0.0,0.0
899,0.0,0.0,0.0,0.0
900,0.0,0.0,0.0,0.0
901,0.0,0.0,0.0,0.0
902,0.0,0.0,0.0,0.0
903,0.0,0.0,0.0,0.0
904,0.0,0.0,0.0,0.0
905,0.0,0.0,0.0,0.0
906,0.0,0.0,0.0,0.0
907,0.0,0.0,0.0,0.0
908,0.0,0.0,0.0,0.0
909,0.0,0.0,0.0,0.0
910,0.0,0.0,0.0,0.0
911,0.0,0.0,0.0,0.0
912,0.0,0.0,0.0,0.0
913,0.0,0.0,0.0,0.0
914,0.0,0.0,0.0,0.0
915,0.0,0.0,0.0,0.0
916,0.0,0.0,0.0,0.0
917,0.0,0.0,0.0,0.0
918,0.0,0.0,0.0,0.0
919,0.0,0.0,0.0,0.0
920,0.0,0.0,0.0,0.0
921,0.0,0.0,0.0,0.0
922,0.0,0.0,0.0,0.0
923,0.0,0.0,0.0,0.0
924,0.0,0.0,0.0,0.0
925,0.0,0.0,0.0,0.0
926,0.0,0.0,0.0,0.0
927,0.0,0.0,0.0,0.0
928,0.0,0.0,0.0,0.0
929,0.0,0.0,0.0,0.0
930,0.0,0.0,0.0,0.0
931,0.0,0.0,0.0,0.0
932,0.0,0.0,0.0,0.0
933,0.0,0.0,0.0,0.0
934,0.0,0.0,0.0,0.0
935,0.0,0.0,0.0,0.0
936,0.0,0.0,0.0,0.0
937,0.0,0.0,0.0,0.0
938,0.0,0.0,0.0,0.0
939,0.0,0.0,0.0,0.0
940,0.0,0.0,0.0,0.0
941,0.0,0.0,0.0,0.0
942,0.0,0.0,0.0,0.0
943,0.0,0.0,0.0,0.0
944,0.0,0.0,0.0,0.0
945,0.0,0.0,0.0,0.0
946,0.0,0.0,0.0,0.0
947,0.0,0.0,0.0,0.0
948,0.0,0.0,0.0,0.0
949,0.0,0.0,0.0,0.0
950,0.0,0.0,0.0,0.0
951,0.0,0.0,0.0,0.0
952,0.0,0.0,0.0,0.0
953,0.0,0.0,0.0,0.0
954,0.0,0.0,0.0,0.0
955,0.0,0.0,0.0,0.0
956,0.0,0.0,0.0,0.0
957,0.0,0.0,0.0,0.0
958,0.0,0.0,0.0,0.0
959,0.0,0.0,0.0,0.0
960,0.0,0.0,0.0,0.0
961,0.0,0.0,0.0,0.0
962,0.0,0.0,0.0,0.0
963,0.0,0.0,0.0,0.0
964,0.0,0.0,0.0,0.0
965,0.0,0.0,0.0,0.0
966,0.0,0.0,0.0,0.0
967,0.0,0.0,0.0,0.0
968,0.0,0.0,0.0,0.0
969,0.0,0.0,0.0,0.0
970,0.0,0.0,0.0,0.0
971,0.0,0.0,0.0,0.0
972,0.0,0.0,0.0,0.0
973,0.0,0.0,0.0,0.0
974,0.0,0.0,0.0,0.0
975,0.0,0.0,0.0,0.0
976,0.0,0.0,0.0,0.0
977,0.0,0.0,0.0,0.0
978,0.0,0.0,0.0,0.0
979,0.0,0.0,0.0,0.0
980,0.0,0.0,0.0,0.0
981,0.0,0.0,0.0,0.0
982,0.0,0.0,0.0,0.0
983,0.0,0.0,0.0,0.0
984,0.0,0.0,0.0,0.0
985,0.0,0.0,0.0,0.0
986,0.0,0.0,0.0,0.0
987,0.0,0.0,0.0,0.0
988,0.0,0.0,0.0,0.0
989,0.0,0.0,0.0,0.0
990,0.0,0.0,0.0,0.0
991,0.0,0.0,0.0,0.0
992,0.0,0.0,0.0,0.0
993,0.0,0.0,0.0,0.0
994,0.0,0.0,0.0,0.0
995,0.0,0.0,0.0,0.0
996,0.0,0.0,0.0,0.0
997,0.0,0.0,0.0,0.0
998,0.0,0.0,0.0,0.0
999,0.0,0.0,0.0,0.0
1000,0.0,0.0,0.0,0.0
1001,0.0,0.0,0.0,0.0
1002,0.0,0.0,0.0,0.0
1003,0.0,0.0,0.0,0.0
1004,0.0,0.0,0.0,0.0
1005,0.0,0.0,0.0,0.0
1006,0.0,0.0,0.0,0.0
1007,0.0,0.0,0.0,0.0
1008,0.0,0.0,0.0,0.0
1009,0.0,0.0,0.0,0.0
1010,0.0,0.0,0.0,0.0
1011,0.0,0.0,0.0,0.0
1012,0.0,0.0,0.0,0.0
1013,0.0,0.0,0.0,0.0
1014,0.0,0.0,0.0,0.0
1015,0.0,0.0,0.0,0.0
1016,0.0,0.0,0.0,0.0
1017,0.0,0.0,0.0,0.0
1018,0.0,0.0,0.0,0.0
1019,0.0,0.0,0.0,0.0
1020,0.0,0.0,0.0,0.0
1021,0.0,0.0,0.0,0.0
1022,0.0,0.0,0.0,0.0
1023,0.0,0.0,0.0,0.0
1024,0.0,0.0,0.0,0.0
1025,0.0,0.0,0.0,0.0
1026,0.0,0.0,0.0,0.0
1027,0.0,0.0,0.0,0.0
1028,0.0,0.0,0.0,0.0
1029,0.0,0.0,0.0,0.0
1030,0.0,0.0,0.0,0.0
1031,0.0,0.0,0.0,0.0
1032,0.0,0.0,0.0,0.0
1033,0.0,0.0,0.0,0.0
1034,0.0,0.0,0.0,0.0
1035,0.0,0.0,0.0,0.0
1036,0.0,0.0,0.0,0.0
1037,0.0,0.0,0.0,0.0
1038,0.0,0.0,0.0,0.0
1039,0.0,0.0,0.0,0.0
1040,0.0,0.0,0.0,0.0
1041,0.0,0.0,0.0,0.0
1042,0.0,0.0,0.0,0.0
1043,0.0,0.0,0.0,0.0
1044,0.0,0.0,0.0,0.0
1045,0.0,0.0,0.0,0.0
1046,0.0,0.0,0.0,0.0
1047,0.0,0.0,0.0,0.0
1048,0.0,0.0,0.0,0.0
1049,0.0,0.0,0.0,0.0
1050,0.0,0.0,0.0,0.0
1051,0.0,0.0,0.0,0.0
1052,0.0,0.0,0.0,0.0
1053,0.0,0.0,0.0,0.0
1054,0.0,0.0,0.0,0.0
1055,0.0,0.0,0.0,0.0
1056,0.0,0.0,0.0,0.0
1057,0.0,0.0,0.0,0.0
1058,0.0,0.0,0.0,0.0
1059,0.0,0.0,0.0,0.0
1060,0.0,0.0,0.0,0.0
1061,0.0,0.0,0.0,0.0
1062,0.0,0.0,0.0,0.0
1063,0.0,0.0,0.0,0.0
1064,0.0,0.0,0.0,0.0
1065,0.0,0.0,0.0,0.0
1066,0.0,0.0,0.0,0.0
1067,0.0,0.0,0.0,0.0
1068,0.0,0.0,0.0,0.0
1069,0.0,0.0,0.0,0.0
1070,0.0,0.0,0.0,0.0
1071,0.0,0.0,0.0,0.0
1072,0.0,0.0,0.0,0.0
1073,0.0,0.0,0.0,0.0
1074,0.0,0.0,0.0,0.0
1075,0.0,0.0,0.0,0.0
1076,0.0,0.0,0.0,0.0
1077,0.0,0.0,0.0,0.0
1078,0.0,0.0,0.0,0.0
1079,0.0,0.0,0.0,0.0
1080,0.0,0.0,0.0,0.0
1081,0.0,0.0,0.0,0.0
1082,0.0,0.0,0.0,0.0
1083,0.0,0.0,0.0,0.0
1084,0.0,0.0,0.0,0.0
1085,0.0,0.0,0.0,0.0
1086,0.0,0.0,0.0,0.0
1087,0.0,0.0,0.0,0.0
1088,0.0,0.0,0.0,0.0
1089,0.0,0.0,0.0,0.0
1090,0.0,0.0,0.0,0.0
1091,0.0,0.0,0.0,0.0
1092,0.0,0.0,0.0,0.0
1093,0.0,0.0,0.0,0.0
1094,0.0,0.0,0.0,0.0
1095,0.0,0.0,0.0,0.0
1096,0.0,0.0,0.0,0.0
1097,0.0,0.0,0.0,0.0
1098,0.0,0.0,0.0,0.0
1099,0.0,0.0,0.0,0.0
1100,0.0,0.0,0.0,0.0
1101,0.0,0.0,0.0,0.0
1102,0.0,0.0,0.0,0.0
1103,0.0,0.0,0.0,0.0
1104,0.0,0.0,0.0,0.0
1105,0.0,0.0,0.0,0.0
1106,0.0,0.0,0.0,0.0
1107,0.0,0.0,0.0,0.0
1108,0.0,0.0,0.0,0.0
1109,0.0,0.0,0.0,0.0
1110,0.0,0.0,0.0,0.0
1111,0.0,0.0,0.0,0.0
1112,0.0,0.0,0.0,0.0
1113,0.0,0.0,0.0,0.0
1114,0.0,0.0,0.0,0.0
1115,0.0,0.0,0.0,0.0
1116,0.0,0.0,0.0,0.0
1117,0.0,0.0,0.0,0.0
1118,0.0,0.0,0.0,0.0
1119,0.0,0.0,0.0,0.0
1120,0.0,0.0,0.0,0.0
1121,0.0,0.0,0.0,0.0
1122,0.0,0.0,0.0,0.0
1123,0.0,0.0,0.0,0.0
1124,0.0,0.0,0.0,0.0
1125,0.0,0.0,0.0,0.0
1126,0.0,0.0,0.0,0.0
1127,0.0,0.0,0.0,0.0
1128,0.0,0.0,0.0,0.0
1129,0.0,0.0,0.0,0.0
1130,0.0,0.0,0.0,0.0
1131,0.0,0.0,0.0,0.0
1132,0.0,0.0,0.0,0.0
1133,0.0,0.0,0.0,0.0
1134,0.0,0.0,0.0,0.0
1135,0.0,0.0,0.0,0.0
1136,0.0,0.0,0.0,0.0
1137,0.0,0.0,0.0,0.0
1138,0.0,0.0,0.0,0.0
1139,0.0,0.0,0.0,0.0
1140,0.0,0.0,0.0,0.0
1141,0.0,0.0,0.0,0.0
1142,0.0,0.0,0.0,0.0
1143,0.0,0.0,0.0,0.0
1144,0.0,0.0,0.0,0.0
1145,0.0,0.0,0.0,0.0
1146,0.0,0.0,0.0,0.0
1147,0.0,0.0,0.0,0.0
1148,0.0,0.0,0.0,0.0
1149,0.0,0.0,0.0,0.0
1150,0.0,0.0,0.0,0.0
1151,0.0,0.0,0.0,0.0
1152,0.0,0.0,0.0,0.0
1153,0.0,0.0,0.0,0.0
1154,0.0,0.0,0.0,0.0
1155,0.0,0.0,0.0,0.0
1156,0.0,0.0,0.0,0.0
1157,0.0,0.0,0.0,0.0
1158,0.0,0.0,0.0,0.0
1159,0.0,0.0,0.0,0.0
1160,0.0,0.0,0.0,0.0
1161,0.0,0.0,0.0,0.0
1162,0.0,0.0,0.0,0.0
1163,0.0,0.0,0.0,0.0
1164,0.0,0.0,0.0,0.0
1165,0.0,0.0,0.0,0.0
1166,0.0,0.0,0.0,0.0
1167,0.0,0.0,0.0,0.0
1168,0.0,0.0,0.0,0.0
1169,0.0,0.0,0.0,0.0
1170,0.0,0.0,0.0,0.0
1171,0.0,0.0,0.0,0.0
1172,0.0,0.0,0.0,0.0
1173,0.0,0.0,0.0,0.0
1174,0.0,0.0,0.0,0.0
1175,0.0,0.0,0.0,0.0
1176,0.0,0.0,0.0,0.0
1177,0.0,0.0,0.0,0.0
1178,0.0,0.0,0.0,0.0
1179,0.0,0.0,0.0,0.0
1180,0.0,0.0,0.0,0.0
1181,0.0,0.0,0.0,0.0
1182,0.0,0.0,0.0,0.0
1183,0.0,0.0,0.0,0.0
1184,0.0,0.0,0.0,0.0
1185,0.0,0.0,0.0,0.0
1186,0.0,0.0,0.0,0.0
1187,0.0,0.0,0.0,0.0
1188,0.0,0.0,0.0,0.0
1189,0.0,0.0,0.0,0.0
1190,0.0,0.0,0.0,0.0
1191,0.0,0.0,0.0,0.0
1192,0.0,0.0,0.0,0.0
1193,0.0,0.0,0.0,0.0
1194,0.0,0.0,0.0,0.0
1195,0.0,0.0,0.0,0.0
1196,0.0,0.0,0.0,0.0
1197,0.0,0.0,0.0,0.0
1198,0.0,0.0,0.0,0.0
1199,0.0,0.0,0.0,0.0
1200,0.0,0.0,0.0,0.0
1201,0.0,0.0,0.0,0.0
1202,0.0,0.0,0.0,0.0
1203,0.0,0.0,0.0,0.0
1204,0.0,0.0,0.0,0.0
1205,0.0,0.0,0.0,0.0
1206,0.0,0.0,0.0,0.0
1207,0.0,0.0,0.0,0.0
1208,0.0,0.0,0.0,0.0
1209,0.0,0.0,0.0,0.0
1210,0.0,0.0,0.0,0.0
1211,0.0,0.0,0.0,0.0
1212,0.0,0.0,0.0,0.0
1213,0.0,0.0,0.0,0.0
1214,0.0,0.0,0.0,0.0
1215,0.0,0.0,0.0,0.0
1216,0.0,0.0,0.0,0.0
1217,0.0,0.0,0.0,0.0
1218,0.0,0.0,0.0,0.0
1219,0.0,0.0,0.0,0.0
1220,0.0,0.0,0.0,0.0
1221,0.0,0.0,0.0,0.0
1222,0.0,0.0,0.0,0.0
1223,0.0,0.0,0.0,0.0
1224,0.0,0.0,0.0,0.0
1225,0.0,0.0,0.0,0.0
1226,0.0,0.0,0.0,0.0
1227,0.0,0.0,0.0,0.0
1228,0.0,0.0,0.0,0.0
1229,0.0,0.0,0.0,0.0
1230,0.0,0.0,0.0,0.0
1231,0.0,0.0,0.0,0.0
1232,0.0,0.0,0.0,0.0
1233,0.0,0.0,0.0,0.0
1234,0.0,0.0,0.0,0.0
1235,0.0,0.0,0.0,0.0
1236,0.0,0.0,0.0,0.0
1237,0.0,0.0,0.0,0.0
1238,0.0,0.0,0.0,0.0
1239,0.0,0.0,0.0,0.0
1240,0.0,0.0,0.0,0.0
1241,0.0,0.0,0.0,0.0
1242,0.0,0.0,0.0,0.0
1243,0.0,0.0,0.0,0.0
1244,0.0,0.0,0.0,0.0
1245,0.0,0.0,0.0,0.0
1246,0.0,0.0,0.0,0.0
1247,0.0,0.0,0.0,0.0
1248,0.0,0.0,0.0,0.0
1249,0.0,0.0,0.0,0.0
1250,0.0,0.0,0.0,0.0
1251,0.0,0.0,0.0,0.0
1252,0.0,0.0,0.0,0.0
1253,0.0,0.0,0.0,0.0
1254,0.0,0.0,0.0,0.0
1255,0.0,0.0,0.0,0.0
1256,0.0,0.0,0.0,0.0
1257,0.0,0.0,0.0,0.0
1258,0.0,0.0,0.0,0.0
1259,0.0,0.0,0.0,0.0
1260,0.0,0.0,0.0,0.0
1261,0.0,0.0,0.0,0.0
1262,0.0,0.0,0.0,0.0
1263,0.0,0.0,0.0,0.0
1264,0.0,0.0,0.0,0.0
1265,0.0,0.0,0.0,0.0
1266,0.0,0.0,0.0,0.0
1267,0.0,0.0,0.0,0.0
1268,0.0,0.0,0.0,0.0
1269,0.0,0.0,0.0,0.0
1270,0.0,0.0,0.0,0.0
1271,0.0,0.0,0.0,0.0
1272,0.0,0.0,0.0,0.0
1273,0.0,0.0,0.0,0.0
1274,0.0,0.0,0.0,0.0
1275,0.0,0.0,0.0,0.0
1276,0.0,0.0,0.0,0.0
1277,0.0,0.0,0.0,0.0
1278,0.0,0.0,0.0,0.0
1279,0.0,0.0,0.0,0.0
1280,0.0,0.0,0.0,0.0
1281,0.0,0.0,0.0,0.0
1282,0.0,0.0,0.0,0.0
1283,0.0,0.0,0.0,0.0
1284,0.0,0.0,0.0,0.0
1285,0.0,0.0,0.0,0.0
1286,0.0,0.0,0.0,0.0
1287,0.0,0.0,0.0,0.0
1288,0.0,0.0,0.0,0.0
1289,0.0,0.0,0.0,0.0
1290,0.0,0.0,0.0,0.0
1291,0.0,0.0,0.0,0.0
1292,0.0,0.0,0.0,0.0
1293,0.0,0.0,0.0,0.0
1294,0.0,0.0,0.0,0.0
1295,0.0,0.0,0.0,0.0
1296,0.0,0.0,0.0,0.0
1297,0.0,0.0,0.0,0.0
1298,0.0,0.0,0.0,0.0
1299,0.0,0.0,0.0,0.0
1300,0.0,0.0,0.0,0.0
1301,0.0,0.0,0.0,0.0
1302,0.0,0.0,0.0,0.0
1303,0.0,0.0,0.0,0.0
1304,0.0,0.0,0.0,0.0
1305,0.0,0.0,0.0,0.0
1306,0.0,0.0,0.0,0.0
1307,0.0,0.0,0.0,0.0
1308,0.0,0.0,0.0,0.0
1309,0.0,0.0,0.0,0.0
1310,0.0,0.0,0.0,0.0
1311,0.0,0.0,0.0,0.0
1312,0.0,0.0,0.0,0.0
1313,0.0,0.0,0.0,0.0
1314,0.0,0.0,0.0,0.0
1315,0.0,0.0,0.0,0.0
1316,0.0,0.0,0.0,0.0
1317,0.0,0.0,0.0,0.0
1318,0.0,0.0,0.0,0.0
1319,0.0,0.0,0.0,0.0
1320,0.0,0.0,0.0,0.0
1321,0.0,0.0,0.0,0.0
1322,0.0,0.0,0.0,0.0
1323,0.0,0.0,0.0,0.0
1324,0.0,0.0,0.0,0.0
1325,0.0,0.0,0.0,0.0
1326,0.0,0.0,0.0,0.0
1327,0.0,0.0,0.0,0.0
1328,0.0,0.0,0.0,0.0
1329,0.0,0.0,0.0,0.0
1330,0.0,0.0,0.0,0.0
1331,0.0,0.0,0.0,0.0
1332,0.0,0.0,0.0,0.0
1333,0.0,0.0,0.0,0.0
1334,0.0,0.0,0.0,0.0
1335,0.0,0.0,0.0,0.0
1336,0.0,0.0,0.0,0.0
1337,0.0,0.0,0.0,0.0
1338,0.0,0.0,0.0,0.0
1339,0.0,0.0,0.0,0.0
1340,0.0,0.0,0.0,0.0
1341,0.0,0.0,0.0,0.0
1342,0.0,0.0,0.0,0.0
1343,0.0,0.0,0.0,0.0
1344,0.0,0.0,0.0,0.0
1345,0.0,0.0,0.0,0.0
1346,0.0,0.0,0.0,0.0
1347,0.0,0.0,0.0,0.0
1348,0.0,0.0,0.0,0.0
1349,0.0,0.0,0.0,0.0
1350,0.0,0.0,0.0,0.0
1351,0.0,0.0,0.0,0.0
1352,0.0,0.0,0.0,0.0
1353,0.0,0.0,0.0,0.0
1354,0.0,0.0,0.0,0.0
1355,0.0,0.0,0.0,0.0
1356,0.0,0.0,0.0,0.0
1357,0.0,0.0,0.0,0.0
1358,0.0,0.0,0.0,0.0
1359,0.0,0.0,0.0,0.0
1360,0.0,0.0,0.0,0.0
1361,0.0,0.0,0.0,0.0
1362,0.0,0.0,0.0,0.0
1363,0.0,0.0,0.0,0.0
1364,0.0,0.0,0.0,0.0
1365,0.0,0.0,0.0,0.0
1366,0.0,0.0,0.0,0.0
1367,0.0,0.0,0.0,0.0
1368,0.0,0.0,0.0,0.0
1369,0.0,0.0,0.0,0.0
1370,0.0,0.0,0.0,0.0
1371,0.0,0.0,0.0,0.0
1372,0.0,0.0,0.0,0.0
1373,0.0,0.0,0.0,0.0
1374,0.0,0.0,0.0,0.0
1375,0.0,0.0,0.0,0.0
1376,0.0,0.0,0.0,0.0
1377,0.0,0.0,0.0,0.0
1378,0.0,0.0,0.0,0.0
1379,0.0,0.0,0.0,0.0
1380,0.0,0.0,0.0,0.0
1381,0.0,0.0,0.0,0.0
1382,0.0,0.0,0.0,0.0
1383,0.0,0.0,0.0,0.0
1384,0.0,0.0,0.0,0.0
1385,0.0,0.0,0.0,0.0
1386,0.0,0.0,0.0,0.0
1387,0.0,0.0,0.0,0.0
1388,0.0,0.0,0.0,0.0
1389,0.0,0.0,0.0,0.0
1390,0.0,0.0,0.0,0.0
1391,0.0,0.0,0.0,0.0
1392,0.0,0.0,0.0,0.0
1393,0.0,0.0,0.0,0.0
1394,0.0,0.0,0.0,0.0
1395,0.0,0.0,0.0,0.0
1396,0.0,0.0,0.0,0.0
1397,0.0,0.0,0.0,0.0
1398,0.0,0.0,0.0,0.0
1399,0.0,0.0,0.0,0.0
1400,0.0,0.0,0.0,0.0
1401,0.0,0.0,0.0,0.0
1402,0.0,0.0,0.0,0.0
1403,0.0,0.0,0.0,0.0
1404,0.0,0.0,0.0,0.0
1405,0.0,0.0,0.0,0.0
1406,0.0,0.0,0.0,0.0
1407,0.0,0.0,0.0,0.0
1408,0.0,0.0,0.0,0.0
1409,0.0,0.0,0.0,0.0
1410,0.0,0.0,0.0,0.0
1411,0.0,0.0,0.0,0.0
1412,0.0,0.0,0.0,0.0
1413,0.0,0.0,0.0,0.0
1414,0.0,0.0,0.0,0.0
1415,0.0,0.0,0.0,0.0
1416,0.0,0.0,0.0,0.0
1417,0.0,0.0,0.0,0.0
1418,0.0,0.0,0.0,0.0
1419,0.0,0.0,0.0,0.0
1420,0.0,0.0,0.0,0.0
1421,0.0,0.0,0.0,0.0
1422,0.0,0.0,0.0,0.0
1423,0.0,0.0,0.0,0.0
1424,0.0,0.0,0.0,0.0
1425,0.0,0.0,0.0,0.0
1426,0.0,0.0,0.0,0.0
1427,0.0,0.0,0.0,0.0
1428,0.0,0.0,0.0,0.0
1429,0.0,0.0,0.0,0.0
1430,0.0,0.0,0.0,0.0
1431,0.0,0.0,0.0,0.0
1432,0.0,0.0,0.0,0.0
1433,0.0,0.0,0.0,0.0
1434,0.0,0.0,0.0,0.0
1435,0.0,0.0,0.0,0.0
1436,0.0,0.0,0.0,0.0
1437,0.0,0.0,0.0,0.0
1438,0.0,0.0,0.0,0.0
1439,0.0,0.0,0.0,0.0
1440,0.0,0.0,0.0,0.0
1441,0.0,0.0,0.0,0.0
1442,0.0,0.0,0.0,0.0
1443,0.0,0.0,0.0,0.0
1444,0.0,0.0,0.0,0.0
1445,0.0,0.0,0.0,0.0
1446,0.0,0.0,0.0,0.0
1447,0.0,0.0,0.0,0.0
1448,0.0,0.0,0.0,0.0
1449,0.0,0.0,0.0,0.0
1450,0.0,0.0,0.0,0.0
1451,0.0,0.0,0.0,0.0
1452,0.0,0.0,0.0,0.0
1453,0.0,0.0,0.0,0.0
1454,0.0,0.0,0.0,0.0
1455,0.0,0.0,0.0,0.0
1456,0.0,0.0,0.0,0.0
1457,0.0,0.0,0.0,0.0
1458,0.0,0.0,0.0,0.0
1459,0.0,0.0,0.0,0.0
1460,0.0,0.0,0.0,0.0
1461,0.0,0.0,0.0,0.0
1462,0.0,0.0,0.0,0.0
1463,0.0,0.0,0.0,0.0
1464,0.0,0.0,0.0,0.0
1465,0.0,0.0,0.0,0.0
1466,0.0,0.0,0.0,0.0
1467,0.0,0.0,0.0,0.0
1468,0.0,0.0,0.0,0.0
1469,0.0,0.0,0.0,0.0
1470,0.0,0.0,0.0,0.0
1471,0.0,0.0,0.0,0.0
1472,0.0,0.0,0.0,0.0
1473,0.0,0.0,0.0,0.0
1474,0.0,0.0,0.0,0.0
1475,0.0,0.0,0.0,0.0
1476,0.0,0.0,0.0,0.0
1477,0.0,0.0,0.0,0.0
1478,0.0,0.0,0.0,0.0
1479,0.0,0.0,0.0,0.0
1480,0.0,0.0,0.0,0.0
1481,0.0,0.0,0.0,0.0
1482,0.0,0.0,0.0,0.0
1483,0.0,0.0,0.0,0.0
1484,0.0,0.0,0.0,0.0
1485,0.0,0.0,0.0,0.0
1486,0.0,0.0,0.0,0.0
1487,0.0,0.0,0.0,0.0
1488,0.0,0.0,0.0,0.0
1489,0.0,0.0,0.0,0.0
1490,0.0,0.0,0.0,0.0
1491,0.0,0.0,0.0,0.0
1492,0.0,0.0,0.0,0.0
1493,0.0,0.0,0.0,0.0
1494,0.0,0.0,0.0,0.0
1495,0.0,0.0,0.0,0.0
1496,0.0,0.0,0.0,0.0
1497,0.0,0.0,0.0,0.0
1498,0.0,0.0,0.0,0.0
1499,0.0,0.0,0.0,0.0
1500,0.0,0.0,0.0,0.0
1501,0.0,0.0,0.0,0.0
1502,0.0,0.0,0.0,0.0
1503,0.0,0.0,0.0,0.0
1504,0.0,0.0,0.0,0.0
1505,0.0,0.0,0.0,0.0
1506,0.0,0.0,0.0,0.0
1507,0.0,0.0,0.0,0.0
1508,0.0,0.0,0.0,0.0
1509,0.0,0.0,0.0,0.0
1510,0.0,0.0,0.0,0.0
1511,0.0,0.0,0.0,0.0
1512,0.0,0.0,0.0,0.0
1513,0.0,0.0,0.0,0.0
1514,0.0,0.0,0.0,0.0
1515,0.0,0.0,0.0,0.0
1516,0.0,0.0,0.0,0.0
1517,0.0,0.0,0.0,0.0
1518,0.0,0.0,0.0,0.0
1519,0.0,0.0,0.0,0.0
1520,0.0,0.0,0.0,0.0
1521,0.0,0.0,0.0,0.0
1522,0.0,0.0,0.0,0.0
1523,0.0,0.0,0.0,0.0
1524,0.0,0.0,0.0,0.0
1525,0.0,0.0,0.0,0.0
1526,0.0,0.0,0.0,0.0
1527,0.0,0.0,0.0,0.0
1528,0.0,0.0,0.0,0.0
1529,0.0,0.0,0.0,0.0
1530,0.0,0.0,0.0,0.0
1531,0.0,0.0,0.0,0.0
1532,0.0,0.0,0.0,0.0
1533,0.0,0.0,0.0,0.0
1534,0.0,0.0,0.0,0.0
1535,0.0,0.0,0.0,0.0
1536,0.0,0.0,0.0,0.0
1537,0.0,0.0,0.0,0.0
1538,0.0,0.0,0.0,0.0
1539,0.0,0.0,0.0,0.0
1540,0.0,0.0,0.0,0.0
1541,0.0,0.0,0.0,0.0
1542,0.0,0.0,0.0,0.0
1543,0.0,0.0,0.0,0.0
1544,0.0,0.0,0.0,0.0
1545,0.0,0.0,0.0,0.0
1546,0.0,0.0,0.0,0.0
1547,0.0,0.0,0.0,0.0
1548,0.0,0.0,0.0,0.0
1549,0.0,0.0,0.0,0.0
1550,0.0,0.0,0.0,0.0
1551,0.0,0.0,0.0,0.0
1552,0.0,0.0,0.0,0.0
1553,0.0,0.0,0.0,0.0
1554,0.0,0.0,0.0,0.0
1555,0.0,0.0,0.0,0.0
1556,0.0,0.0,0.0,0.0
1557,0.0,0.0,0.0,0.0
1558,0.0,0.0,0.0,0.0
1559,0.0,0.0,0.0,0.0
1560,0.0,0.0,0.0,0.0
1561,0.0,0.0,0.0,0.0
1562,0.0,0.0,0.0,0.0
1563,0.0,0.0,0.0,0.0
1564,0.0,0.0,0.0,0.0
1565,0.0,0.0,0.0,0.0
1566,0.0,0.0,0.0,0.0
1567,0.0,0.0,0.0,0.0
1568,0.0,0.0,0.0,0.0
1569,0.0,0.0,0.0,0.0
1570,0.0,0.0,0.0,0.0
1571,0.0,0.0,0.0,0.0
1572,0.0,0.0,0.0,0.0
1573,0.0,0.0,0.0,0.0
1574,0.0,0.0,0.0,0.0
1575,0.0,0.0,0.0,0.0
1576,0.0,0.0,0.0,0.0
1577,0.0,0.0,0.0,0.0
1578,0.0,0.0,0.0,0.0
1579,0.0,0.0,0.0,0.0
1580,0.0,0.0,0.0,0.0
1581,0.0,0.0,0.0,0.0
1582,0.0,0.0,0.0,0.0
1583,0.0,0.0,0.0,0.0
1584,0.0,0.0,0.0,0.0
1585,0.0,0.0,0.0,0.0
1586,0.0,0.0,0.0,0.0
1587,0.0,0.0,0.0,0.0
1588,0.0,0.0,0.0,0.0
1589,0.0,0.0,0.0,0.0
1590,0.0,0.0,0.0,0.0
1591,0.0,0.0,0.0,0.0
1592,0.0,0.0,0.0,0.0
1593,0.0,0.0,0.0,0.0
1594,0.0,0.0,0.0,0.0
1595,0.0,0.0,0.0,0.0
1596,0.0,0.0,0.0,0.0
1597,0.0,0.0,0.0,0.0
1598,0.0,0.0,0.0,0.0
1599,0.0,0.0,0.0,0.0
1600,0.0,0.0,0.0,0.0
1601,0.0,0.0,0.0,0.0
1602,0.0,0.0,0.0,0.0
1603,0.0,0.0,0.0,0.0
1604,0.0,0.0,0.0,0.0
1605,0.0,0.0,0.0,0.0
1606,0.0,0.0,0.0,0.0
1607,0.0,0.0,0.0,0.0
1608,0.0,0.0,0.0,0.0
1609,0.0,0.0,0.0,0.0
1610,0.0,0.0,0.0,0.0
1611,0.0,0.0,0.0,0.0
1612,0.0,0.0,0.0,0.0
1613,0.0,0.0,0.0,0.0
1614,0.0,0.0,0.0,0.0
1615,0.0,0.0,0.0,0.0
1616,0.0,0.0,0.0,0.0
1617,0.0,0.0,0.0,0.0
1618,0.0,0.0,0.0,0.0
1619,0.0,0.0,0.0,0.0
1620,0.0,0.0,0.0,0.0
1621,0.0,0.0,0.0,0.0
1622,0.0,0.0,0.0,0.0
1623,0.0,0.0,0.0,0.0
1624,0.0,0.0,0.0,0.0
1625,0.0,0.0,0.0,0.0
1626,0.0,0.0,0.0,0.0
1627,0.0,0.0,0.0,0.0
1628,0.0,0.0,0.0,0.0
1629,0.0,0.0,0.0,0.0
1630,0.0,0.0,0.0,0.0
1631,0.0,0.0,0.0,0.0
1632,0.0,0.0,0.0,0.0
1633,0.0,0.0,0.0,0.0
1634,0.0,0.0,0.0,0.0
1635,0.0,0.0,0.0,0.0
1636,0.0,0.0,0.0,0.0
1637,0.0,0.0,0.0,0.0
1638,0.0,0.0,0.0,0.0
1639,0.0,0.0,0.0,0.0
1640,0.0,0.0,0.0,0.0
1641,0.0,0.0,0.0,0.0
1642,0.0,0.0,0.0,0.0
1643,0.0,0.0,0.0,0.0
1644,0.0,0.0,0.0,0.0
1645,0.0,0.0,0.0,0.0
1646,0.0,0.0,0.0,0.0
1647,0.0,0.0,0.0,0.0
1648,0.0,0.0,0.0,0.0
1649,0.0,0.0,0.0,0.0
1650,0.0,0.0,0.0,0.0
1651,0.0,0.0,0.0,0.0
1652,0.0,0.0,0.0,0.0
1653,0.0,0.0,0.0,0.0
1654,0.0,0.0,0.0,0.0
1655,0.0,0.0,0.0,0.0
1656,0.0,0.0,0.0,0.0
1657,0.0,0.0,0.0,0.0
1658,0.0,0.0,0.0,0.0
1659,0.0,0.0,0.0,0.0
1660,0.0,0.0,0.0,0.0
1661,0.0,0.0,0.0,0.0
1662,0.0,0.0,0.0,0.0
1663,0.0,0.0,0.0,0.0
1664,0.0,0.0,0.0,0.0
1665,0.0,0.0,0.0,0.0
1666,0.0,0.0,0.0,0.0
1667,0.0,0.0,0.0,0.0
1668,0.0,0.0,0.0,0.0
1669,0.0,0.0,0.0,0.0
1670,0.0,0.0,0.0,0.0
1671,0.0,0.0,0.0,0.0
1672,0.0,0.0,0.0,0.0
1673,0.0,0.0,0.0,0.0
1674,0.0,0.0,0.0,0.0
1675,0.0,0.0,0.0,0.0
1676,0.0,0.0,0.0,0.0
1677,0.0,0.0,0.0,0.0
1678,0.0,0.0,0.0,0.0
1679,0.0,0.0,0.0,0.0
1680,0.0,0.0,0.0,0.0
1681,0.0,0.0,0.0,0.0
1682,0.0,0.0,0.0,0.0
1683,0.0,0.0,0.0,0.0
1684,0.0,0.0,0.0,0.0
1685,0.0,0.0,0.0,0.0
1686,0.0,0.0,0.0,0.0
1687,0.0,0.0,0.0,0.0
1688,0.0,0.0,0.0,0.0
1689,0.0,0.0,0.0,0.0
1690,0.0,0.0,0.0,0.0
1691,0.0,0.0,0.0,0.0
1692,0.0,0.0,0.0,0.0
1693,0.0,0.0,0.0,0.0
1694,0.0,0.0,0.0,0.0
1695,0.0,0.0,0.0,0.0
1696,0.0,0.0,0.0,0.0
1697,0.0,0.0,0.0,0.0
1698,0.0,0.0,0.0,0.0
1699,0.0,0.0,0.0,0.0
1700,0.0,0.0,0.0,0.0
1701,0.0,0.0,0.0,0.0
1702,0.0,0.0,0.0,0.0
1703,0.0,0.0,0.0,0.0
1704,0.0,0.0,0.0,0.0
1705,0.0,0.0,0.0,0.0
1706,0.0,0.0,0.0,0.0
1707,0.0,0.0,0.0,0.0
1708,0.0,0.0,0.0,0.0
1709,0.0,0.0,0.0,0.0
1710,0.0,0.0,0.0,0.0
1711,0.0,0.0,0.0,0.0
1712,0.0,0.0,0.0,0.0
1713,0.0,0.0,0.0,0.0
1714,0.0,0.0,0.0,0.0
1715,0.0,0.0,0.0,0.0
1716,0.0,0.0,0.0,0.0
1717,0.0,0.0,0.0,0.0
1718,0.0,0.0,0.0,0.0
1719,0.0,0.0,0.0,0.0
1720,0.0,0.0,0.0,0.0
1721,0.0,0.0,0.0,0.0
1722,0.0,0.0,0.0,0.0
1723,0.0,0.0,0.0,0.0
1724,0.0,0.0,0.0,0.0
1725,0.0,0.0,0.0,0.0
1726,0.0,0.0,0.0,0.0
1727,0.0,0.0,0.0,0.0
1728,0.0,0.0,0.0,0.0
1729,0.0,0.0,0.0,0.0
1730,0.0,0.0,0.0,0.0
1731,0.0,0.0,0.0,0.0
1732,0.0,0.0,0.0,0.0
1733,0.0,0.0,0.0,0.0
1734,0.0,0.0,0.0,0.0
1735,0.0,0.0,0.0,0.0
1736,0.0,0.0,0.0,0.0
1737,0.0,0.0,0.0,0.0
1738,0.0,0.0,0.0,0.0
1739,0.0,0.0,0.0,0.0
1740,0.0,0.0,0.0,0.0
1741,0.0,0.0,0.0,0.0
1742,0.0,0.0,0.0,0.0
1743,0.0,0.0,0.0,0.0
1744,0.0,0.0,0.0,0.0
1745,0.0,0.0,0.0,0.0
1746,0.0,0.0,0.0,0.0
1747,0.0,0.0,0.0,0.0
1748,0.0,0.0,0.0,0.0
1749,0.0,0.0,0.0,0.0
1750,0.0,0.0,0.0,0.0
1751,0.0,0.0,0.0,0.0
1752,0.0,0.0,0.0,0.0
1753,0.0,0.0,0.0,0.0
1754,0.0,0.0,0.0,0.0
1755,0.0,0.0,0.0,0.0
1756,0.0,0.0,0.0,0.0
1757,0.0,0.0,0.0,0.0
1758,0.0,0.0,0.0,0.0
1759,0.0,0.0,0.0,0.0
1760,0.0,0.0,0.0,0.0
1761,0.0,0.0,0.0,0.0
1762,0.0,0.0,0.0,0.0
1763,0.0,0.0,0.0,0.0
1764,0.0,0.0,0.0,0.0
1765,0.0,0.0,0.0,0.0
1766,0.0,0.0,0.0,0.0
1767,0.0,0.0,0.0,0.0
1768,0.0,0.0,0.0,0.0
1769,0.0,0.0,0.0,0.0
1770,0.0,0.0,0.0,0.0
1771,0.0,0.0,0.0,0.0
1772,0.0,0.0,0.0,0.0
1773,0.0,0.0,0.0,0.0
1774,0.0,0.0,0.0,0.0
1775,0.0,0.0,0.0,0.0
1776,0.0,0.0,0.0,0.0
1777,0.0,0.0,0.0,0.0
1778,0.0,0.0,0.0,0.0
1779,0.0,0.0,0.0,0.0
1780,0.0,0.0,0.0,0.0
1781,0.0,0.0,0.0,0.0
1782,0.0,0.0,0.0,0.0
1783,0.0,0.0,0.0,0.0
1784,0.0,0.0,0.0,0.0
1785,0.0,0.0,0.0,0.0
1786,0.0,0.0,0.0,0.0
1787,0.0,0.0,0.0,0.0
1788,0.0,0.0,0.0,0.0
1789,0.0,0.0,0.0,0.0
1790,0.0,0.0,0.0,0.0
1791,0.0,0.0,0.0,0.0
1792,0.0,0.0,0.0,0.0
1793,0.0,0.0,0.0,0.0
1794,0.0,0.0,0.0,0.0
1795,0.0,0.0,0.0,0.0
1796,0.0,0.0,0.0,0.0
1797,0.0,0.0,0.0,0.0
1798,0.0,0.0,0.0,0.0
1799,0.0,0.0,0.0,0.0
1800,0.0,0.0,0.0,0.0
1801,0.0,0.0,0.0,0.0
1802,0.0,0.0,0.0,0.0
1803,0.0,0.0,0.0,0.0
1804,0.0,0.0,0.0,0.0
1805,0.0,0.0,0.0,0.0
1806,0.0,0.0,0.0,0.0
1807,0.0,0.0,0.0,0.0
1808,0.0,0.0,0.0,0.0
1809,0.0,0.0,0.0,0.0
1810,0.0,0.0,0.0,0.0
1811,0.0,0.0,0.0,0.0
1812,0.0,0.0,0.0,0.0
1813,0.0,0.0,0.0,0.0
1814,0.0,0.0,0.0,0.0
1815,0.0,0.0,0.0,0.0
1816,0.0,0.0,0.0,0.0
1817,0.0,0.0,0.0,0.0
1818,0.0,0.0,0.0,0.0
1819,0.0,0.0,0.0,0.0
1820,0.0,0.0,0.0,0.0
1821,0.0,0.0,0.0,0.0
1822,0.0,0.0,0.0,0.0
1823,0.0,0.0,0.0,0.0
1824,0.0,0.0,0.0,0.0
1825,0.0,0.0,0.0,0.0
1826,0.0,0.0,0.0,0.0
1827,0.0,0.0,0.0,0.0
1828,0.0,0.0,0.0,0.0
1829,0.0,0.0,0.0,0.0
1830,0.0,0.0,0.0,0.0
1831,0.0,0.0,0.0,0.0
1832,0.0,0.0,0.0,0.0
1833,0.0,0.0,0.0,0.0
1834,0.0,0.0,0.0,0.0
1835,0.0,0.0,0.0,0.0
1836,0.0,0.0,0.0,0.0
1837,0.0,0.0,0.0,0.0
1838,0.0,0.0,0.0,0.0
1839,0.0,0.0,0.0,0.0
1840,0.0,0.0,0.0,0.0
1841,0.0,0.0,0.0,0.0
1842,0.0,0.0,0.0,0.0
1843,0.0,0.0,0.0,0.0
1844,0.0,0.0,0.0,0.0
1845,0.0,0.0,0.0,0.0
1846,0.0,0.0,0.0,0.0
1847,0.0,0.0,0.0,0.0
1848,0.0,0.0,0.0,0.0
1849,0.0,0.0,0.0,0.0
1850,0.0,0.0,0.0,0.0
1851,0.0,0.0,0.0,0.0
1852,0.0,0.0,0.0,0.0
1853,0.0,0.0,0.0,0.0
1854,0.0,0.0,0.0,0.0
1855,0.0,0.0,0.0,0.0
1856,0.0,0.0,0.0,0.0
1857,0.0,0.0,0.0,0.0
1858,0.0,0.0,0.0,0.0
1859,0.0,0.0,0.0,0.0
1860,0.0,0.0,0.0,0.0
1861,0.0,0.0,0.0,0.0
1862,0.0,0.0,0.0,0.0
1863,0.0,0.0,0.0,0.0
1864,0.0,0.0,0.0,0.0
1865,0.0,0.0,0.0,0.0
1866,0.0,0.0,0.0,0.0
1867,0.0,0.0,0.0,0.0
1868,0.0,0.0,0.0,0.0
1869,0.0,0.0,0.0,0.0
1870,0.0,0.0,0.0,0.0
1871,0.0,0.0,0.0,0.0
1872,0.0,0.0,0.0,0.0
1873,0.0,0.0,0.0,0.0
1874,0.0,0.0,0.0,0.0
1875,0.0,0.0,0.0,0.0
1876,0.0,0.0,0.0,0.0
1877,0.0,0.0,0.0,0.0
1878,0.0,0.0,0.0,0.0
1879,0.0,0.0,0.0,0.0
1880,0.0,0.0,0.0,0.0
1881,0.0,0.0,0.0,0.0
1882,0.0,0.0,0.0,0.0
1883,0.0,0.0,0.0,0.0
1884,0.0,0.0,0.0,0.0
1885,0.0,0.0,0.0,0.0
1886,0.0,0.0,0.0,0.0
1887,0.0,0.0,0.0,0.0
1888,0.0,0.0,0.0,0.0
1889,0.0,0.0,0.0,0.0
1890,0.0,0.0,0.0,0.0
1891,0.0,0.0,0.0,0.0
1892,0.0,0.0,0.0,0.0
1893,0.0,0.0,0.0,0.0
1894,0.0,0.0,0.0,0.0
1895,0.0,0.0,0.0,0.0
1896,0.0,0.0,0.0,0.0
1897,0.0,0.0,0.0,0.0
1898,0.0,0.0,0.0,0.0
1899,0.0,0.0,0.0,0.0
1900,0.0,0.0,0.0,0.0
1901,0.0,0.0,0.0,0.0
1902,0.0,0.0,0.0,0.0
1903,0.0,0.0,0.0,0.0
1904,0.0,0.0,0.0,0.0
1905,0.0,0.0,0.0,0.0
1906,0.0,0.0,0.0,0.0
1907,0.0,0.0,0.0,0.0
1908,0.0,0.0,0.0,0.0
1909,0.0,0.0,0.0,0.0
1910,0.0,0.0,0.0,0.0
1911,0.0,0.0,0.0,0.0
1912,0.0,0.0,0.0,0.0
1913,0.0,0.0,0.0,0.0
1914,0.0,0.0,0.0,0.0
1915,0.0,0.0,0.0,0.0
1916,0.0,0.0,0.0,0.0
1917,0.0,0.0,0.0,0.0
1918,0.0,0.0,0.0,0.0
1919,0.0,0.0,0.0,0.0
1920,0.0,0.0,0.0,0.0
1921,0.0,0.0,0.0,0.0
1922,0.0,0.0,0.0,0.0
1923,0.0,0.0,0.0,0.0
1924,0.0,0.0,0.0,0.0
1925,0.0,0.0,0.0,0.0
1926,0.0,0.0,0.0,0.0
1927,0.0,0.0,0.0,0.0
1928,0.0,0.0,0.0,0.0
1929,0.0,0.0,0.0,0.0
1930,0.0,0.0,0.0,0.0
1931,0.0,0.0,0.0,0.0
1932,0.0,0.0,0.0,0.0
1933,0.0,0.0,0.0,0.0
1934,0.0,0.0,0.0,0.0
1935,0.0,0.0,0.0,0.0
1936,0.0,0.0,0.0,0.0
1937,0.0,0.0,0.0,0.0
1938,0.0,0.0,0.0,0.0
1939,0.0,0.0,0.0,0.0
1940,0.0,0.0,0.0,0.0
1941,0.0,0.0,0.0,0.0
1942,0.0,0.0,0.0,0.0
1943,0.0,0.0,0.0,0.0
1944,0.0,0.0,0.0,0.0
1945,0.0,0.0,0.0,0.0
1946,0.0,0.0,0.0,0.0
1947,0.0,0.0,0.0,0.0
1948,0.0,0.0,0.0,0.0
1949,0.0,0.0,0.0,0.0
1950,0.0,0.0,0.0,0.0
1951,0.0,0.0,0.0,0.0
1952,0.0,0.0,0.0,0.0
1953,0.0,0.0,0.0,0.0
1954,0.0,0.0,0.0,0.0
1955,0.0,0.0,0.0,0.0
1956,0.0,0.0,0.0,0.0
1957,0.0,0.0,0.0,0.0
1958,0.0,0.0,0.0,0.0
1959,0.0,0.0,0.0,0.0
1960,0.0,0.0,0.0,0.0
1961,0.0,0.0,0.0,0.0
1962,0.0,0.0,0.0,0.0
1963,0.0,0.0,0.0,0.0
1964,0.0,0.0,0.0,0.0
1965,0.0,0.0,0.0,0.0
1966,0.0,0.0,0.0,0.0
1967,0.0,0.0,0.0,0.0
1968,0.0,0.0,0.0,0.0
1969,0.0,0.0,0.0,0.0
1970,0.0,0.0,0.0,0.0
1971,0.0,0.0,0.0,0.0
1972,0.0,0.0,0.0,0.0
1973,0.0,0.0,0.0,0.0
1974,0.0,0.0,0.0,0.0
1975,0.0,0.0,0.0,0.0
1976,0.0,0.0,0.0,0.0
1977,0.0,0.0,0.0,0.0
1978,0.0,0.0,0.0,0.0
1979,0.0,0.0,0.0,0.0
1980,0.0,0.0,0.0,0.0
1981,0.0,0.0,0.0,0.0
1982,0.0,0.0,0.0,0.0
1983,0.0,0.0,0.0,0.0
1984,0.0,0.0,0.0,0.0
1985,0.0,0.0,0.0,0.0
1986,0.0,0.0,0.0,0.0
1987,0.0,0.0,0.0,0.0
1988,0.0,0.0,0.0,0.0
1989,0.0,0.0,0.0,0.0
1990,0.0,0.0,0.0,0.0
1991,0.0,0.0,0.0,0.0
1992,0.0,0.0,0.0,0.0
1993,0.0,0.0,0.0,0.0
1994,0.0,0.0,0.0,0.0
1995,0.0,0.0,0.0,0.0
1996,0.0,0.0,0.0,0.0
1997,0.0,0.0,0.0,0.0
1998,0.0,0.0,0.0,0.0
1999,0.0,0.0,0.0,0.0
