54,4,182314,10,16,2,4,0,4,1,0,1977,50,39,1
46,4,155489,11,9,2,7,0,4,1,0,0,43,39,1
23,4,114357,11,9,4,13,3,4,1,0,0,50,39,0
25,4,130397,0,6,4,5,4,0,1,0,0,40,39,0
41,4,152636,11,9,0,3,4,4,0,0,0,50,39,0
60,0,106282,6,5,6,0,1,4,0,0,0,40,39,0
62,4,159841,11,9,6,8,1,4,0,0,0,24,39,0
32,4,100135,9,13,5,10,4,4,0,0,0,32,39,0
36,4,135289,11,9,2,7,0,4,1,0,0,45,39,0
40,4,116103,15,10,5,3,4,4,1,4934,0,47,39,1
61,4,162432,15,10,0,8,1,4,0,0,0,40,39,0
17,4,206998,1,7,4,6,3,4,1,0,0,10,39,0
60,5,197553,15,10,2,4,0,4,1,7688,0,50,39,1
24,0,151153,15,10,4,0,1,1,1,99999,0,50,35,1
35,4,144322,11,9,0,7,4,4,0,0,0,40,39,0
36,7,89508,14,15,4,10,1,4,1,0,0,40,39,0
20,4,494784,11,9,4,12,2,2,0,0,0,35,39,0
43,6,190044,11,9,2,12,0,4,1,0,0,40,39,0
32,4,127895,15,10,4,1,3,2,0,0,0,40,39,0
36,4,180686,11,9,2,3,0,4,1,0,0,45,39,1
29,6,229842,11,9,4,14,4,2,1,0,0,45,39,0
69,4,106595,11,9,6,1,1,4,0,1848,0,40,39,0
35,6,37778,8,11,2,5,0,4,1,3103,0,55,39,0
54,4,123011,15,10,2,12,0,4,1,0,0,45,39,1
31,4,106437,14,15,2,10,5,4,0,0,0,60,39,1
29,1,229300,9,13,4,10,1,4,1,0,0,48,39,0
25,4,509866,11,9,4,14,1,4,1,0,0,78,39,0
41,4,144032,11,9,2,4,0,4,1,0,0,60,39,0
29,4,320451,11,9,4,11,1,1,1,0,0,40,30,0
30,0,159589,12,14,2,0,0,4,1,0,0,46,39,1
21,6,304602,8,11,4,5,3,4,1,0,0,98,39,0
35,5,196373,9,13,2,4,0,4,1,0,0,45,39,1
34,4,185408,15,10,4,4,1,4,0,0,0,40,39,0
68,5,182131,15,10,2,4,0,4,1,10605,0,20,39,1
40,5,57233,11,9,2,4,0,4,1,0,0,60,39,1
30,6,180859,15,10,4,3,3,4,1,0,0,8,39,0
60,6,25825,11,9,0,3,1,4,1,0,0,50,39,1
46,0,233014,11,9,0,0,1,2,0,0,0,40,39,0
33,4,138667,11,9,2,1,0,4,1,0,0,50,39,1
34,4,204470,12,14,2,4,0,4,1,0,0,50,39,1
27,4,189974,15,10,0,1,3,4,0,0,0,20,39,0
31,4,202729,11,9,2,14,0,4,1,0,0,50,39,0
26,4,109570,15,10,5,12,4,4,0,0,0,35,39,0
27,4,210867,5,4,4,5,3,4,1,0,0,50,0,0
27,4,33429,15,10,0,1,4,4,0,0,0,40,39,0
46,4,132912,11,9,2,12,0,4,1,0,0,45,39,1
24,4,254767,5,4,2,5,0,4,1,2105,0,50,39,0
53,4,218630,11,9,2,7,0,4,1,0,0,40,39,1
36,4,103323,7,12,2,7,0,4,1,2829,0,40,39,0
47,4,199832,11,9,2,3,0,4,1,0,0,40,39,0
46,5,123075,11,9,2,11,0,4,1,0,0,70,39,0
20,0,193416,15,10,4,0,3,4,0,0,0,40,39,0
39,4,173175,9,13,2,4,0,4,1,15024,0,50,39,1
19,4,236570,11,9,4,1,3,4,0,0,0,16,39,0
27,4,305647,7,12,2,1,0,4,1,0,0,40,39,1
27,4,177955,4,3,4,9,2,4,0,2176,0,40,8,0
29,6,241431,11,9,4,3,1,4,1,0,0,45,39,0
19,4,217418,15,10,4,1,2,2,0,0,0,38,39,0
24,4,154165,6,5,0,8,3,4,0,0,0,40,39,0
27,6,41099,11,9,4,3,1,4,1,0,0,30,39,0
38,4,97759,2,8,4,8,4,4,0,0,0,17,39,0
50,4,123174,10,16,2,10,0,2,1,0,0,37,0,1
25,4,262778,12,14,4,8,1,4,0,0,0,37,39,0
20,0,174714,15,10,4,0,3,4,1,0,0,16,39,0
22,4,121471,1,7,4,12,1,4,0,0,0,40,39,0
40,1,77332,15,10,0,1,1,4,0,0,0,50,39,0
21,4,300812,15,10,4,8,3,4,1,0,0,25,39,0
66,4,151793,5,4,6,8,1,2,0,0,0,10,39,0
39,4,356838,11,9,4,5,3,4,1,0,0,12,39,0
43,4,281422,7,12,4,1,1,2,0,0,0,45,39,0
33,4,37232,15,10,4,3,1,4,1,0,0,80,39,0
30,4,222162,11,9,2,6,0,4,1,0,0,66,39,0
38,4,199256,11,9,0,1,4,4,0,0,0,40,39,0
61,4,136262,11,9,2,4,0,4,1,0,0,50,39,1
37,5,57424,9,13,0,12,1,4,0,0,0,60,39,0
52,4,124993,11,9,4,3,3,4,1,0,0,55,39,0
23,4,193090,9,13,4,1,3,4,0,0,0,30,39,0
57,0,300104,4,3,2,0,0,4,1,7298,0,84,39,1
25,4,243786,9,13,4,8,1,4,0,0,0,37,39,0
32,4,217304,9,13,4,11,1,2,1,0,0,30,39,0
39,0,179352,15,10,0,0,1,4,0,0,0,35,39,0
26,7,180886,12,14,2,10,0,4,1,0,0,30,39,0
40,4,409922,15,10,2,10,0,4,1,7298,0,40,39,1
43,7,255835,15,10,0,1,2,4,0,0,0,40,39,0
18,4,135924,15,10,4,1,3,4,1,0,0,40,39,0
40,4,331651,15,10,5,8,1,4,0,0,0,40,39,0
25,4,171818,9,13,4,4,3,4,0,0,0,40,39,0
35,1,105138,14,15,2,10,0,4,1,0,0,55,39,0
49,2,34021,9,13,4,10,3,4,0,0,0,50,39,0
32,4,44675,10,16,2,10,0,4,1,0,0,65,39,1
44,6,218653,9,13,0,3,3,4,1,0,0,40,39,0
51,4,101432,11,9,2,3,0,4,1,0,0,40,39,0
52,4,163027,11,9,0,3,4,4,0,0,0,50,39,0
54,4,816750,11,9,2,3,0,4,1,0,2051,40,39,0
57,4,163047,11,9,2,4,5,4,0,0,0,38,39,0
35,4,178948,12,14,4,10,4,4,0,0,0,32,39,0
24,4,113936,9,13,4,10,3,4,1,0,0,40,39,0
32,4,33678,15,10,2,14,0,4,1,0,0,50,39,1
28,4,180299,11,9,2,14,0,4,1,0,0,70,39,0
25,4,122999,11,9,4,3,3,4,1,0,0,40,39,0
24,4,128061,11,9,4,8,3,4,0,594,0,15,39,0
22,4,203182,9,13,4,4,2,4,0,0,0,20,39,0
38,6,322143,9,13,2,8,0,4,1,0,0,10,39,0
20,4,231231,15,10,4,12,1,4,1,0,0,30,39,0
20,4,148709,15,10,4,10,4,4,0,0,0,25,39,0
51,4,441637,11,9,2,13,0,4,1,0,0,40,39,0
23,4,80680,15,10,2,12,3,4,0,0,0,16,39,0
46,4,405309,11,9,2,4,0,4,1,0,0,40,39,0
20,4,250630,15,10,4,12,1,4,0,0,0,20,39,0
31,4,207537,11,9,0,3,3,4,1,0,1669,50,39,0
50,4,200783,5,4,0,3,1,4,1,0,0,60,39,0
24,0,108495,11,9,4,0,3,4,1,0,0,40,39,0
60,2,141637,12,14,2,10,0,4,1,0,0,40,39,1
33,4,79923,15,10,2,12,0,4,1,0,0,20,39,0
25,4,158662,11,9,2,1,5,4,0,0,0,50,39,1
44,4,128676,15,10,4,1,1,2,0,0,0,40,39,0
42,2,318046,1,7,2,14,0,4,1,0,0,40,39,0
47,4,73394,15,10,2,4,5,4,0,0,0,50,39,0
29,4,183639,11,9,2,5,0,4,1,0,0,97,39,0
20,4,436253,15,10,4,8,3,4,1,0,0,35,39,0
72,0,75890,15,10,6,0,4,1,0,0,0,4,39,0
35,4,334999,11,9,2,12,0,4,1,0,0,45,39,0
55,6,396878,15,10,2,4,0,2,1,0,0,25,39,0
44,2,212665,15,10,2,11,0,2,1,0,0,99,39,0
45,2,238386,15,10,2,11,0,4,1,0,0,40,39,1
23,0,138768,9,13,4,0,3,4,1,2907,0,40,39,0
31,4,197252,5,4,2,8,0,4,1,0,0,40,26,0
29,4,233421,9,13,2,3,0,4,1,3411,0,45,39,0
55,2,31365,9,13,6,10,1,4,0,0,0,40,39,1
39,4,252327,5,4,4,8,3,4,1,0,0,40,26,0
58,5,190763,9,13,2,10,0,4,1,0,0,40,39,1
51,4,37237,11,9,2,5,0,4,1,0,0,80,39,1
33,5,132601,11,9,2,3,0,4,1,0,0,40,39,1
20,4,113307,5,4,4,7,2,4,1,0,0,40,39,0
24,4,216867,0,6,4,8,2,4,1,0,0,30,26,0
34,6,204375,14,15,4,10,1,4,0,0,0,60,39,1
73,4,301210,3,2,2,14,0,4,1,0,1735,20,39,0
42,4,44121,12,14,0,10,1,4,0,0,1876,40,39,0
37,7,48211,11,9,0,1,4,4,0,0,0,35,39,0
30,4,302149,9,13,2,12,0,1,1,0,0,40,19,0
17,4,365613,0,6,4,8,3,4,1,0,0,10,2,0
24,4,209782,9,13,4,12,3,4,0,0,0,40,39,0
34,7,177331,15,10,2,10,0,2,1,4386,0,40,39,1
28,4,25955,15,10,4,3,3,0,1,0,0,40,39,0
40,7,345969,7,12,2,1,0,4,1,0,0,40,39,1
52,4,259363,11,9,2,3,0,4,1,0,0,50,39,1
21,4,204596,7,12,4,1,3,4,0,0,0,8,39,0
46,4,98350,0,6,3,8,1,1,1,0,0,37,3,0
50,4,266945,11,9,2,7,5,4,0,3137,0,40,8,0
59,5,253062,14,15,2,10,0,4,1,0,0,55,39,1
21,4,312017,15,10,4,3,1,4,1,0,0,40,39,0
46,4,122026,9,13,2,3,0,4,1,0,0,44,39,1
47,4,334039,9,13,2,4,0,4,1,7298,0,44,39,1
19,4,157605,11,9,0,8,1,4,0,0,0,40,39,0
23,4,27776,8,11,4,7,1,4,1,0,0,40,39,0
27,4,347153,15,10,4,14,2,4,1,0,0,40,39,0
28,2,100270,9,13,0,10,1,4,1,0,0,40,39,0
43,4,133584,15,10,2,7,0,4,1,0,0,40,39,0
32,6,203408,11,9,2,3,0,4,1,0,0,44,39,0
27,1,409815,15,10,4,1,4,2,0,0,0,40,39,0
47,4,123207,11,9,2,1,5,4,0,0,0,20,39,1
24,4,192017,15,10,2,6,0,4,1,0,0,30,39,0
57,5,159028,14,15,2,10,0,4,1,99999,0,60,39,1
18,4,156950,11,9,4,1,3,4,1,0,0,35,39,0
31,4,231263,9,13,0,4,1,4,1,4650,0,45,39,0
40,4,191342,9,13,2,4,0,1,1,0,0,40,3,1
47,4,198769,15,10,4,1,1,4,0,0,0,40,39,1
38,4,60355,11,9,4,1,4,4,0,0,0,40,39,0
50,4,180522,15,10,4,6,1,4,1,0,0,38,39,0
58,4,85767,15,10,2,12,0,4,1,0,0,48,39,0
41,4,320984,14,15,2,10,0,4,1,99999,0,65,39,1
37,4,213726,11,9,0,7,1,1,0,0,0,40,30,0
30,4,212064,9,13,4,10,3,4,0,0,0,40,39,0
76,2,169133,15,10,6,1,1,4,0,0,0,30,39,0
40,4,201734,15,10,4,6,1,4,1,0,0,48,39,0
19,4,183041,1,7,4,6,3,4,1,0,0,24,39,0
30,4,115040,11,9,2,14,0,4,1,0,0,40,39,0
57,4,217886,11,9,6,1,1,4,0,0,0,36,39,0
53,2,202733,12,14,2,4,0,4,1,7688,0,70,39,1
55,5,298449,9,13,2,4,0,4,1,0,2415,50,39,1
39,4,78171,15,10,3,1,4,0,0,0,0,40,39,0
17,4,239947,1,7,4,1,3,4,1,0,0,40,39,0
35,4,107991,1,7,4,12,1,4,1,0,0,45,39,0
31,4,319146,8,11,2,3,0,4,1,4386,0,40,26,1
26,4,167106,11,9,4,3,2,1,1,0,0,40,17,0
74,4,192290,0,6,2,1,0,4,1,0,0,20,39,0
39,4,175972,15,10,2,8,5,4,0,0,0,15,39,0
31,7,93589,11,9,0,11,3,3,1,0,0,40,39,0
33,2,34080,15,10,2,11,0,4,1,0,0,40,39,1
42,4,355728,8,11,4,3,1,4,1,0,0,44,39,0
46,2,167159,15,10,2,11,0,4,1,0,0,70,39,1
52,4,236180,9,13,3,8,1,4,1,0,0,50,39,0
19,4,236940,11,9,4,5,3,4,1,0,0,40,39,0
55,7,153451,11,9,2,13,5,4,0,0,1887,40,39,1
36,0,98776,15,10,4,0,1,4,1,0,0,30,39,0
45,4,259463,8,11,2,10,0,4,1,0,0,40,39,1
55,5,124137,15,10,2,12,0,4,1,0,0,40,39,1
26,4,262617,11,9,2,3,0,4,1,0,0,48,39,0
40,4,20109,15,10,0,6,1,0,0,0,0,84,39,0
40,4,187702,15,10,4,4,1,4,1,0,0,50,39,1
19,4,219189,2,8,4,8,3,4,1,0,0,25,39,0
19,4,128346,11,9,4,7,3,4,0,0,0,40,39,0
33,4,279173,11,9,2,10,0,4,1,0,0,60,39,0
24,6,35448,11,9,5,8,4,4,0,0,0,50,39,0
32,4,106014,15,10,2,12,0,4,1,5178,0,50,39,1
68,0,152157,11,9,6,0,1,4,0,0,0,20,39,0
38,7,103925,11,9,0,8,4,4,0,2036,0,20,39,0
30,2,48542,2,8,2,1,5,4,0,0,0,40,39,0
20,4,131230,11,9,4,7,3,4,1,0,1590,40,39,0
26,4,238367,11,9,4,3,1,4,1,0,0,40,39,0
31,4,123430,1,7,2,5,0,4,1,0,0,65,26,0
22,4,166371,11,9,4,8,2,4,1,0,0,40,0,0
55,2,37869,10,16,4,10,1,4,0,0,0,60,39,0
32,4,206609,9,13,2,4,0,4,1,0,0,60,39,1
29,4,163265,11,9,2,14,0,4,1,0,0,40,39,0
25,4,53147,9,13,4,4,3,2,1,0,0,50,39,0
20,4,130959,15,10,4,8,3,4,1,0,0,20,39,0
28,4,205337,11,9,2,7,0,4,1,0,0,40,39,0
29,4,53434,8,11,2,4,0,4,1,0,0,60,39,1
31,4,298995,11,9,2,8,5,2,0,0,0,35,39,0
25,4,195118,11,9,4,6,2,4,1,0,0,35,39,0
42,7,190044,9,13,2,4,0,4,1,15024,0,50,39,1
48,4,167159,8,11,4,1,4,4,1,0,0,40,39,0
37,4,227597,15,10,2,3,0,4,1,0,0,40,39,0
41,2,201435,11,9,2,14,0,2,1,0,0,40,39,0
60,6,170114,6,5,2,5,0,4,1,0,1672,84,39,0
33,4,192644,11,9,5,6,4,4,1,0,0,35,33,0
24,2,84257,9,13,4,10,1,4,1,0,0,50,39,0
36,4,374983,1,7,2,7,0,4,1,0,0,40,39,0
51,4,172493,15,10,4,4,1,4,0,0,0,12,39,0
36,4,297449,9,13,0,10,1,4,1,14084,0,40,39,1
27,4,38606,9,13,4,12,1,4,1,0,1504,45,39,0
53,6,284329,12,14,0,4,1,4,1,0,0,50,39,1
31,4,265706,11,9,2,3,0,4,1,7298,0,40,39,1
31,4,169104,9,13,4,12,3,1,1,0,0,40,0,0
36,1,106297,12,14,2,4,0,4,1,0,0,40,39,1
25,4,178025,12,14,2,10,0,4,1,0,0,40,39,0
27,4,517000,9,13,4,1,1,4,1,0,0,35,39,0
23,4,203003,5,4,4,3,1,4,1,0,0,25,11,0
30,4,155659,11,9,0,8,4,4,0,0,0,36,39,0
20,4,133352,15,10,4,1,3,1,0,0,0,40,40,0
42,4,127314,9,13,2,13,0,4,1,0,0,45,39,1
56,2,155657,9,13,0,4,4,4,0,0,0,40,39,0
19,4,456572,11,9,4,5,2,4,1,0,0,35,39,0
48,4,273435,11,9,2,3,0,4,1,0,1579,40,39,0
33,4,382764,9,13,4,4,3,4,1,0,0,40,39,0
41,4,213055,7,12,4,1,1,3,0,0,0,50,39,0
25,4,178843,9,13,4,10,3,4,0,0,0,15,39,0
26,4,391349,9,13,4,1,1,4,0,0,0,40,39,0
39,4,249720,9,13,0,4,4,2,0,0,0,60,39,0
20,0,162667,11,9,4,0,2,4,1,0,0,40,8,0
47,6,28035,15,10,2,5,0,4,1,0,0,86,39,0
56,5,70720,12,14,0,4,1,4,1,27828,0,60,39,1
21,4,329530,1,7,2,3,0,4,1,0,0,40,26,0
31,4,61308,0,6,4,8,1,4,1,0,0,40,39,0
20,4,312017,15,10,4,11,3,4,1,0,0,40,11,0
52,2,298035,12,14,2,10,0,4,1,0,0,40,39,0
35,6,216256,6,5,2,3,0,4,1,0,0,50,39,0
26,4,133373,15,10,4,12,3,4,1,0,0,42,39,0
51,4,138852,11,9,2,3,0,4,1,0,0,40,39,0
51,4,89652,11,9,0,1,4,4,0,4787,0,24,39,1
20,4,266467,11,9,2,3,0,4,1,0,0,40,39,0
29,4,102345,8,11,5,3,1,4,1,0,0,40,39,0
18,4,99219,1,7,4,12,3,4,0,0,0,15,39,0
44,4,456236,12,14,2,1,0,4,1,0,0,40,39,0
33,4,176711,11,9,4,1,1,4,1,0,0,40,39,0
30,4,194827,15,10,2,3,0,4,1,0,1740,40,39,0
30,4,195576,15,10,4,10,3,4,1,3325,0,50,39,0
20,4,138107,11,9,4,6,3,2,1,0,0,35,39,0
61,1,178312,15,10,2,10,0,4,1,0,0,40,39,0
24,4,585203,9,13,2,4,5,4,0,7688,0,45,39,1
22,4,260594,1,7,4,12,4,4,0,0,0,25,39,0
21,0,121694,5,4,4,0,3,4,1,0,0,40,39,0
45,1,181970,11,9,2,1,0,4,1,0,1672,40,39,0
38,4,204640,15,10,6,1,4,2,0,0,0,40,39,0
56,4,295067,9,13,4,4,1,4,1,14084,0,45,39,1
36,4,228157,15,10,4,3,1,1,1,0,0,40,25,0
68,0,141181,6,5,2,0,0,4,1,0,0,2,39,0
24,7,330836,11,9,2,11,0,4,1,0,0,40,39,0
43,5,104892,11,9,2,5,0,4,1,0,0,45,39,0
51,4,194259,9,13,0,13,4,4,0,0,0,40,39,0
32,1,145983,15,10,2,13,5,4,0,0,0,40,39,0
21,4,100462,8,11,4,4,3,4,0,2174,0,60,39,0
52,4,193116,0,6,2,14,0,4,1,0,0,45,39,0
30,4,39386,15,10,2,4,0,2,1,0,0,99,39,0
40,4,118853,9,13,2,4,0,4,1,0,0,60,39,0
68,6,261897,0,6,6,5,4,4,1,0,0,20,39,0
27,4,168827,9,13,4,12,3,4,1,0,0,2,39,0
21,4,113163,15,10,4,1,3,4,1,0,0,50,39,0
20,4,82777,11,9,2,12,3,4,1,0,0,40,39,0
45,2,185399,12,14,0,10,3,4,0,0,0,55,39,0
43,4,226902,9,13,0,7,2,4,1,0,0,40,39,0
47,6,26145,8,11,2,12,0,4,1,0,0,40,39,1
39,4,326342,1,7,2,8,0,2,1,2635,0,37,39,0
57,4,98926,15,10,6,13,1,4,0,0,0,16,39,0
18,4,301948,11,9,4,11,3,4,1,34095,0,3,39,0
43,4,88913,15,10,4,6,3,1,0,1055,0,40,39,0
31,5,455995,15,10,4,4,1,4,1,0,0,65,39,1
57,6,50990,11,9,2,5,0,4,1,0,0,30,39,0
27,4,160786,1,7,2,3,0,4,1,0,1902,40,39,1
40,0,224361,6,5,0,0,4,4,0,0,0,5,5,0
52,4,81859,11,9,2,7,0,4,1,0,0,48,39,1
61,6,390472,11,9,2,5,0,4,1,0,0,40,39,0
80,0,174995,11,9,2,0,0,4,1,0,0,8,2,0
21,4,72593,11,9,4,8,3,4,1,0,0,40,39,0
19,4,284652,15,10,4,1,3,4,0,0,0,15,39,0
51,4,317396,15,10,0,1,4,4,0,0,0,40,39,0
38,4,391040,8,11,5,13,4,4,0,0,0,20,39,0
21,4,331611,15,10,2,8,0,4,1,0,0,50,39,0
29,4,200511,11,9,2,12,0,4,1,0,0,50,39,0
27,4,428030,9,13,4,3,1,4,1,0,0,50,39,0
53,5,220786,15,10,6,12,1,4,0,0,0,60,39,0
47,7,199512,9,13,2,4,0,4,1,0,0,40,39,1
35,4,77146,8,11,0,4,1,4,1,0,0,45,39,0
34,4,509364,11,9,2,3,0,4,1,0,0,40,39,0
29,5,124950,9,13,4,12,3,4,0,0,0,40,39,0
49,4,123584,1,7,2,14,0,4,1,0,0,75,39,0
47,2,246891,9,13,2,11,0,4,1,0,0,40,39,0
33,4,118500,15,10,0,4,4,4,0,0,0,40,39,0
49,4,124356,9,13,2,12,0,4,1,0,0,60,39,1
28,0,37215,9,13,4,0,3,4,1,0,0,45,39,0
20,4,104164,11,9,4,6,3,4,1,0,0,40,39,0
36,4,67728,11,9,2,3,0,4,1,5013,0,40,22,0
31,2,189269,11,9,4,11,3,4,1,0,0,40,39,0
23,4,216472,15,10,4,13,3,4,0,0,0,20,39,0
30,4,121142,9,13,4,12,1,4,1,0,0,40,39,1
28,4,66473,11,9,0,7,3,4,1,0,0,40,39,0
38,4,354739,8,11,2,10,0,1,1,0,0,36,30,1
34,6,345705,11,9,4,3,1,4,1,0,0,45,39,1
36,4,252231,13,1,4,7,1,2,1,0,0,40,33,0
49,2,106554,9,13,0,10,4,4,0,0,0,40,39,1
46,4,192963,9,13,2,1,0,1,1,0,2415,35,30,1
18,4,231562,11,9,4,12,3,4,0,0,0,33,39,0
30,4,235639,0,6,2,3,0,4,1,0,0,40,39,0
43,6,130126,9,13,2,3,0,4,1,0,0,40,39,1
36,4,138441,7,12,2,13,0,4,1,0,0,55,39,0
19,7,176634,11,9,4,1,3,4,0,0,0,40,39,0
18,4,214617,15,10,4,6,3,4,1,0,0,30,39,0
31,4,265706,9,13,4,12,1,4,1,0,0,40,39,0
41,2,129060,15,10,0,1,4,2,0,0,0,40,39,0
58,4,158002,15,10,2,12,0,2,1,0,0,40,39,0
37,2,189878,15,10,2,11,0,4,1,0,0,60,39,0
34,4,102858,11,9,5,1,4,4,1,0,0,40,39,0
33,5,239018,10,16,2,10,0,4,1,0,0,60,39,0
63,4,161563,11,9,2,3,0,4,1,0,0,48,39,0
52,6,194995,9,13,2,12,0,4,1,15024,0,55,39,1
43,1,222756,12,14,2,3,0,4,1,0,0,40,39,0
53,4,22418,11,9,2,3,0,4,1,0,0,40,39,0
33,4,452924,11,9,2,7,0,3,1,0,0,40,26,0
20,4,162688,11,9,4,6,3,4,1,0,0,38,39,0
22,4,118310,7,12,4,10,3,4,0,0,0,16,39,0
63,2,86590,11,9,2,4,5,4,0,0,0,32,39,0
48,0,355890,9,13,2,0,0,4,1,0,0,55,39,1
19,4,150553,15,10,4,12,3,1,0,0,0,18,30,0
41,4,324629,9,13,2,4,0,4,1,0,0,40,41,0
40,4,213821,12,14,4,10,1,4,1,0,0,40,39,1
65,4,172906,11,9,6,1,4,4,0,0,0,40,39,0
26,6,31143,11,9,2,4,0,4,1,0,0,45,39,0
35,6,115618,11,9,0,12,1,4,1,0,0,50,39,1
52,0,244214,11,9,2,0,0,4,1,0,0,35,39,0
55,2,28151,11,9,0,1,1,4,0,0,0,40,39,1
29,6,164607,11,9,2,3,0,4,1,0,0,40,39,0
44,4,225263,15,10,0,12,4,4,0,0,1408,46,39,0
43,4,135606,12,14,0,4,1,4,0,0,0,50,39,1
42,4,102606,9,13,2,13,0,4,1,0,0,40,39,1
45,2,203322,15,10,0,1,1,4,0,0,0,38,39,0
73,0,132737,0,6,4,0,1,4,1,0,0,4,39,0
21,4,145389,15,10,4,10,1,4,0,0,0,25,39,0
62,0,31577,11,9,2,0,0,4,1,0,0,18,39,0
44,4,216907,11,9,0,8,1,4,1,0,0,37,39,0
34,4,175413,7,12,0,12,4,2,0,0,0,45,39,0
24,4,67222,9,13,4,7,1,1,1,0,0,45,3,0
29,4,663394,11,9,2,5,0,2,1,0,0,40,39,0
28,4,246974,11,9,4,8,1,4,1,0,0,40,39,0
27,4,169958,4,3,4,3,3,4,1,0,0,40,0,0
34,4,126838,11,9,2,14,0,4,1,0,0,40,39,0
38,4,95654,11,9,2,1,5,4,0,0,0,60,39,0
54,4,220115,15,10,0,1,1,4,1,0,0,30,39,0
23,4,615367,9,13,4,12,1,4,0,0,0,40,39,0
21,4,180190,8,11,2,5,0,4,1,0,0,46,39,0
23,4,193090,15,10,4,1,1,4,0,3674,0,40,39,0
17,4,191260,1,7,4,8,3,4,1,594,0,10,39,0
22,4,213902,11,9,4,1,4,4,0,0,0,40,26,0
45,4,162187,9,13,2,12,0,4,1,0,0,52,39,1
34,2,240252,12,14,2,4,0,4,1,0,0,40,39,1
28,4,119793,11,9,2,3,0,4,1,0,0,40,32,0
18,4,170544,1,7,4,6,3,4,1,0,0,20,39,0
30,4,267161,15,10,2,13,5,2,0,0,0,45,39,0
41,4,115849,11,9,2,14,0,4,1,0,0,40,39,0
40,4,245529,7,12,0,10,1,4,0,0,0,40,39,0
19,7,112432,15,10,4,1,3,4,1,0,0,10,39,0
53,2,200190,12,14,2,10,0,4,1,0,1977,55,39,1
67,0,157403,14,15,2,0,0,4,1,6418,0,10,39,1
57,6,165922,11,9,2,3,0,4,1,0,0,50,39,0
27,4,147638,9,13,4,1,2,1,0,0,0,40,17,0
26,0,132749,9,13,4,0,1,4,0,0,0,80,39,0
19,4,415354,0,6,0,8,1,4,0,0,0,40,39,0
19,4,117444,11,9,4,3,3,4,1,0,0,40,39,0
26,4,276548,11,9,2,12,5,4,0,0,0,20,39,0
57,4,375868,12,14,2,1,0,4,1,0,0,40,39,0
51,4,168660,1,7,2,6,0,4,1,0,0,40,39,0
37,4,167415,14,15,2,10,0,4,1,0,0,60,39,1
20,2,312427,11,9,2,11,0,2,1,0,0,30,33,0
33,4,123253,9,13,2,4,0,4,1,0,0,55,39,1
36,2,305714,11,9,4,8,4,2,0,0,0,70,39,0
22,4,89991,15,10,4,8,3,4,0,0,0,11,39,0
21,4,259510,11,9,4,6,3,4,1,0,0,36,39,0
40,2,63042,9,13,2,10,5,4,0,0,0,40,39,1
48,4,315423,4,3,2,14,0,4,1,0,0,40,39,0
22,0,224238,15,10,4,0,3,4,1,0,0,2,39,0
59,6,116878,11,9,2,4,0,4,1,0,0,60,12,0
37,6,29814,11,9,4,5,3,4,1,0,0,85,39,0
34,4,133122,9,13,2,4,0,4,1,0,0,40,39,0
35,4,162256,8,11,0,1,1,4,0,6849,0,40,39,0
40,4,70761,7,12,4,13,1,2,1,0,0,40,39,0
17,0,103810,2,8,4,0,3,4,1,0,0,40,39,0
50,7,288353,9,13,2,11,0,4,1,0,0,40,39,1
24,4,30656,11,9,4,6,1,4,1,0,0,20,39,0
26,4,416577,11,9,2,7,0,2,1,0,0,45,39,0
28,1,214858,11,9,4,7,3,4,1,0,0,48,39,0
26,4,125089,15,10,4,4,1,4,1,0,0,40,39,0
51,4,100933,11,9,4,4,2,4,0,0,0,40,39,0
21,4,194861,11,9,4,7,3,4,1,0,0,40,39,0
49,4,188823,11,9,0,10,1,4,1,0,0,42,39,0
36,6,202950,9,13,2,4,0,4,1,0,0,50,20,0
43,4,184846,11,9,6,7,4,4,0,0,0,60,39,0
45,4,117310,9,13,0,12,1,4,0,0,0,46,39,0
33,0,192644,11,9,4,0,1,4,1,0,0,40,39,0
21,4,229826,15,10,2,7,0,4,1,0,0,20,39,0
47,6,33300,7,12,4,5,2,4,1,10520,0,45,39,1
42,4,235786,7,12,2,3,0,4,1,0,0,50,39,1
47,4,94809,8,11,2,4,5,4,0,0,0,45,39,1
29,4,178649,11,9,3,8,1,4,0,0,0,20,10,0
35,7,248374,15,10,0,1,4,2,0,0,0,40,39,0
67,4,228200,11,9,2,9,5,2,0,0,0,20,39,0
45,4,140644,11,9,2,12,0,4,1,0,0,50,39,1
49,4,204629,9,13,2,4,0,4,1,0,0,40,39,1
43,6,144928,11,9,4,5,1,4,1,0,0,60,39,0
34,4,162814,11,9,0,11,1,2,1,0,0,45,39,0
38,6,334366,15,10,2,5,5,4,0,0,0,15,39,0
31,4,66278,15,10,2,10,5,4,0,3908,0,40,39,0
46,6,51271,11,9,2,5,0,4,1,4386,0,70,39,0
51,4,138358,0,6,0,3,1,2,0,0,0,35,39,0
41,4,171234,15,10,0,1,1,4,0,0,0,55,39,0
40,4,155972,11,9,2,14,0,4,1,0,0,60,39,1
26,4,190762,15,10,2,12,0,4,1,0,0,18,39,0
20,4,230891,15,10,4,12,1,4,1,0,0,45,39,0
50,6,145419,12,14,2,12,0,4,1,7688,0,45,39,1
44,4,131650,7,12,2,4,0,4,1,0,0,54,39,1
29,6,184710,11,9,2,3,0,4,1,0,0,40,39,0
84,2,135839,8,11,6,1,1,4,0,0,0,14,39,0
45,4,363677,10,16,2,10,5,4,0,0,1977,30,39,1
27,6,334132,7,12,4,10,1,4,0,0,0,78,39,0
48,4,377140,4,3,4,9,4,4,0,0,0,35,27,0
53,4,268545,11,9,2,3,0,2,1,0,0,40,23,0
39,4,77146,9,13,2,4,0,4,1,0,1887,50,39,1
50,5,176751,12,14,0,4,1,4,1,0,0,80,39,1
22,4,244366,9,13,4,10,3,4,1,0,0,40,39,0
54,4,172962,9,13,0,10,1,4,1,0,1340,40,39,0
32,4,153588,11,9,0,3,1,4,1,0,0,40,39,0
35,4,226789,15,10,2,4,0,4,1,0,0,58,39,0
28,4,175262,15,10,2,6,0,2,1,0,0,40,26,0
44,4,130126,14,15,0,10,1,4,1,0,0,45,39,1
36,6,257250,5,4,4,5,3,4,1,0,0,75,39,0
32,4,186824,9,13,2,3,0,4,1,0,0,40,39,1
39,4,347960,14,15,4,10,1,4,0,14084,0,35,39,1
41,4,302122,8,11,0,3,1,4,0,0,0,40,39,0
26,4,194352,9,13,4,10,3,4,0,0,0,40,39,0
29,4,74500,9,13,2,12,0,4,1,0,0,40,39,1
70,5,207938,9,13,2,4,0,4,1,0,2377,50,39,1
31,4,19302,9,13,2,10,0,4,1,0,0,40,39,1
32,4,167990,11,9,2,4,0,4,1,0,0,40,21,0
36,7,223020,15,10,0,8,4,2,0,0,0,20,39,0
39,4,38721,11,9,0,9,4,4,0,0,0,22,39,0
61,4,221447,11,9,4,7,1,2,0,0,0,40,39,0
51,4,82566,11,9,2,3,0,4,1,0,0,50,39,0
20,6,211466,11,9,4,14,3,4,1,0,0,80,39,0
30,2,327825,11,9,0,11,3,4,0,0,0,32,39,0
28,4,224629,12,14,4,4,1,3,1,0,0,30,5,0
26,4,212304,5,4,4,7,3,4,1,0,0,48,39,0
32,2,199539,15,10,2,11,0,4,1,0,0,40,39,1
43,4,212894,15,10,2,3,0,4,1,0,0,40,39,0
35,4,93225,11,9,2,3,0,4,1,0,0,40,39,0
54,4,100933,11,9,4,1,4,4,0,0,0,40,39,0
26,4,164583,11,9,0,12,4,4,0,0,0,30,39,0
18,4,232024,1,7,4,7,3,4,1,0,0,55,39,0
24,4,216129,11,9,4,3,3,4,1,0,1408,50,39,0
30,4,31985,15,10,0,4,4,4,0,0,0,40,39,0
56,6,51662,1,7,2,8,5,4,0,0,0,40,39,0
44,6,185057,9,13,0,4,1,4,0,3325,0,40,39,0
49,5,289707,11,9,5,8,1,4,1,0,0,45,39,0
31,4,207201,15,10,2,3,0,4,1,0,0,40,39,1
17,2,244856,1,7,4,10,3,4,0,0,0,40,39,0
26,5,266639,9,13,4,1,1,4,0,0,0,40,39,0
24,4,279041,11,9,4,6,3,2,1,0,0,40,39,0
47,4,296066,15,10,2,10,0,4,1,0,0,40,39,0
19,4,256979,11,9,4,3,2,4,1,0,0,35,39,0
25,6,60828,15,10,4,5,3,4,0,0,0,50,39,0
31,6,281030,11,9,2,3,0,4,1,0,0,45,39,0
23,0,211601,8,11,4,0,3,2,0,0,0,15,39,0
67,6,364862,11,9,6,8,1,4,0,0,0,30,39,0
38,2,200153,7,12,4,10,1,4,1,0,0,40,39,0
38,4,39606,9,13,2,4,5,4,0,0,0,40,39,0
39,4,129764,11,9,2,3,0,4,1,0,0,40,39,0
69,0,254834,9,13,2,0,0,4,1,10605,0,10,39,1
53,4,99185,11,9,6,3,4,4,1,0,0,40,39,1
51,2,154891,11,9,0,11,4,4,1,0,0,52,39,0
31,0,37030,7,12,4,0,3,4,0,0,0,25,39,0
44,4,138077,9,13,0,1,4,4,0,0,0,32,39,0
50,1,111700,12,14,4,4,1,4,0,0,0,50,39,0
52,4,137658,1,7,2,7,0,3,1,0,0,40,6,0
28,4,173673,4,3,4,8,1,4,0,0,0,40,26,0
74,4,54732,15,10,2,12,0,4,1,0,0,20,39,1
38,6,37778,11,9,4,5,1,4,1,0,0,60,39,0
31,4,62165,11,9,4,8,3,2,1,0,0,40,39,0
19,0,263224,1,7,4,0,4,4,0,0,0,30,39,0
17,4,65368,1,7,4,12,3,4,0,0,0,12,39,0
37,4,113120,8,11,0,10,1,4,0,0,0,40,39,0
55,4,193130,11,9,2,6,0,4,1,0,1887,40,39,1
42,6,175674,11,9,2,12,0,4,1,0,0,60,39,0
37,4,100508,11,9,2,3,0,4,1,0,0,40,39,1
28,6,190836,11,9,2,12,0,4,1,0,0,50,39,1
20,4,227411,15,10,4,8,3,4,0,0,0,20,39,0
28,4,48894,11,9,2,1,3,4,0,0,0,40,39,0
59,4,77884,8,11,4,3,1,1,1,0,0,40,39,0
47,2,321851,9,13,4,10,1,4,0,0,0,50,39,1
47,4,105273,9,13,6,3,4,2,0,6497,0,40,39,0
20,4,173736,6,5,4,7,3,4,1,0,0,40,39,0
63,4,125954,11,9,4,7,1,4,1,2174,0,40,39,0
17,4,216086,1,7,4,8,3,4,0,0,0,30,39,0
49,0,271346,9,13,2,0,0,4,1,15024,0,60,39,1
22,4,72310,1,7,4,14,1,4,1,0,0,65,39,0
46,4,229394,11,9,0,4,1,4,0,0,0,40,39,0
42,0,175935,11,9,5,0,4,4,1,0,0,40,39,0
37,4,77820,9,13,2,4,0,4,1,0,0,50,39,1
25,4,167835,9,13,4,4,1,4,0,3325,0,40,39,0
48,4,62605,11,9,0,1,1,4,0,0,0,35,39,0
49,7,354529,15,10,4,1,1,4,0,0,0,40,39,0
26,4,239043,1,7,4,8,1,4,1,0,0,40,39,0
38,4,208358,8,11,2,12,0,4,1,0,0,40,39,0
40,4,96509,15,10,2,10,0,0,1,0,0,40,39,1
22,1,32950,15,10,2,12,0,4,1,0,1902,37,39,0
31,4,345277,9,13,0,10,1,4,0,0,0,40,39,0
65,4,185001,0,6,6,12,1,4,0,0,0,20,39,0
19,0,365871,5,4,4,0,1,4,1,0,0,40,26,0
59,0,424468,9,13,2,0,0,4,1,0,0,40,39,1
37,4,143912,11,9,0,14,1,4,1,0,0,50,39,0
17,4,38611,1,7,4,1,3,4,0,0,0,23,39,0
18,4,31983,2,8,4,1,3,4,0,0,0,20,39,0
38,4,111499,15,10,2,14,0,4,1,7298,0,50,39,1
51,2,74784,15,10,6,1,1,4,0,0,0,40,39,0
46,4,45288,9,13,4,8,1,4,1,0,0,40,39,0
58,4,137547,9,13,2,8,0,1,1,0,0,40,35,0
42,4,118212,6,5,2,14,0,4,1,0,0,40,39,0
31,4,111567,6,5,4,12,1,4,1,0,0,43,39,1
55,4,206487,15,10,2,10,0,4,1,0,0,40,39,1
52,4,311931,4,3,2,12,5,4,0,0,0,15,8,0
20,4,26842,15,10,4,7,1,4,0,2176,0,40,39,0
90,2,214594,5,4,2,11,0,4,1,2653,0,40,39,0
32,4,279173,9,13,0,12,1,4,1,0,0,45,39,0
72,4,74141,6,5,2,4,5,1,0,0,0,48,39,1
51,4,96062,15,10,2,12,0,4,1,0,1977,40,39,1
33,4,181372,12,14,2,4,5,4,0,0,0,50,39,1
30,4,255885,15,10,2,12,0,4,1,0,0,50,39,0
18,4,187240,1,7,4,6,3,4,1,0,0,18,39,0
47,4,190139,12,14,2,4,0,4,1,0,0,40,39,1
67,0,243256,6,5,2,0,0,4,1,0,0,15,39,0
31,4,59496,15,10,2,1,0,4,1,0,0,50,39,0
20,4,218215,15,10,4,12,3,4,0,0,0,30,39,0
30,4,156718,15,10,5,1,1,4,0,0,0,40,39,0
19,4,311974,11,9,4,3,2,4,1,0,0,25,26,0
30,4,302473,11,9,4,1,3,4,0,0,0,40,39,0
32,4,188246,15,10,2,12,0,4,1,0,0,40,39,1
47,4,145886,15,10,0,8,4,4,0,0,0,40,39,0
34,7,56964,10,16,2,10,5,4,0,0,0,50,39,1
27,4,262478,11,9,4,5,3,2,1,0,0,30,39,0
66,4,146454,15,10,2,12,0,4,1,5556,0,40,39,1
50,4,38310,5,4,0,8,2,4,0,0,0,40,39,0
26,2,197764,9,13,4,10,1,4,0,0,0,40,39,0
42,5,130126,9,13,2,10,0,4,1,0,1977,40,39,1
52,4,416129,13,1,2,8,1,4,1,0,0,40,8,0
31,7,55849,15,10,4,3,1,4,1,0,0,40,39,0
51,4,195105,11,9,0,9,3,4,0,0,0,40,39,0
39,4,58343,15,10,2,7,0,4,1,0,0,40,39,1
25,4,32275,15,10,2,4,5,3,0,0,0,40,39,0
59,4,159937,11,9,2,12,0,4,1,0,0,48,39,0
53,4,168107,9,13,2,4,0,4,1,0,0,40,39,1
28,4,181659,11,9,2,7,0,4,1,0,0,40,39,0
50,4,99392,15,10,0,3,1,2,0,0,0,45,39,0
58,4,95835,15,10,2,13,0,4,1,0,0,36,39,0
34,4,287737,9,13,4,12,1,4,0,0,0,40,39,0
67,4,118363,9,13,0,4,1,4,0,0,2206,5,39,0
50,4,410186,11,9,2,3,0,4,1,0,0,40,39,0
64,4,187601,15,10,6,1,1,4,0,0,0,40,39,0
19,4,280146,15,10,4,6,3,4,1,0,0,20,39,0
28,5,114053,15,10,4,4,1,4,1,0,0,30,39,0
31,2,446358,10,16,4,10,1,4,1,0,0,50,26,1
27,4,185670,9,13,2,12,0,4,1,0,0,60,39,1
23,4,175837,1,7,4,5,2,4,0,0,0,40,33,0
22,4,320451,15,10,4,11,3,1,1,0,0,24,19,0
31,4,159187,15,10,2,3,0,4,1,0,0,40,39,1
60,2,232769,1,7,2,14,0,4,1,0,0,20,39,0
62,4,218009,11,9,2,14,0,4,1,0,1977,60,39,1
24,4,100345,9,13,4,10,3,4,1,0,0,20,39,0
51,4,203435,15,10,0,12,4,4,0,0,0,40,22,0
43,6,187778,11,9,2,3,0,4,1,0,0,20,39,0
51,5,166459,8,11,2,4,0,4,1,0,0,40,39,0
32,5,343872,15,10,2,14,0,2,1,0,0,35,14,0
25,4,209428,15,10,2,12,0,4,1,0,0,25,8,0
45,4,81132,15,10,2,3,2,1,1,0,0,40,30,0
30,4,118056,15,10,3,4,4,4,0,0,0,45,39,0
27,4,132686,2,8,4,7,3,4,1,0,0,50,39,0
17,0,213055,1,7,4,0,1,3,0,0,0,20,39,0
20,4,38001,15,10,4,8,3,4,0,0,0,20,39,0
24,4,163053,9,13,4,12,1,4,0,0,0,40,39,0
28,4,227840,11,9,4,14,1,4,0,0,0,40,39,0
22,0,283510,11,9,4,0,4,2,1,0,0,45,39,0
43,4,37937,12,14,0,4,4,4,1,0,0,50,39,0
30,4,54929,11,9,2,12,0,4,1,0,0,55,39,0
46,4,72619,15,10,2,4,5,4,0,0,0,40,39,1
42,4,34278,15,10,2,12,0,4,1,0,0,50,39,1
27,4,194652,11,9,4,3,3,2,1,0,0,40,39,0
21,4,442131,11,9,4,6,3,4,0,0,0,40,39,0
20,4,131611,15,10,4,1,3,4,1,0,0,48,39,0
21,4,57711,11,9,4,8,1,4,0,0,0,30,39,0
20,4,194891,11,9,4,1,1,4,0,0,0,40,39,0
20,4,515797,11,9,2,3,0,4,1,0,0,40,39,0
25,4,89625,11,9,4,1,3,1,0,0,0,40,39,0
34,6,209768,11,9,2,4,0,4,1,0,0,40,39,0
67,4,134906,11,9,6,12,1,4,0,0,0,32,39,0
52,7,254285,10,16,2,10,0,4,1,0,1887,70,11,1
17,4,167878,1,7,4,8,3,4,1,0,0,20,39,0
48,2,378221,9,13,2,4,0,4,1,0,0,60,26,1
58,4,145574,1,7,2,3,0,4,1,0,0,40,39,0
42,4,54202,9,13,4,12,1,4,1,10520,0,50,39,1
40,7,151038,9,13,0,3,1,4,1,0,0,40,39,0
33,4,48010,15,10,0,4,4,4,0,0,0,40,39,0
37,4,80638,9,13,2,8,0,1,1,0,0,30,3,0
36,4,183892,15,10,2,3,0,4,1,7298,0,44,39,1
19,0,195282,11,9,4,0,3,2,0,0,0,20,39,0
33,4,185336,8,11,2,1,5,2,0,0,0,40,39,0
35,4,234271,15,10,0,1,1,4,0,0,0,40,39,0
20,0,150084,15,10,4,0,3,4,1,0,0,25,39,0
29,4,115677,9,13,4,13,1,4,1,0,0,40,39,0
27,4,168827,11,9,2,7,0,4,1,0,0,40,39,0
48,4,237525,9,13,2,4,0,4,1,7688,0,65,39,1
20,4,482732,11,9,4,1,2,4,1,0,0,24,39,0
74,6,109101,15,10,2,4,0,4,1,0,0,4,39,0
36,0,187203,8,11,0,0,3,4,1,0,0,50,39,0
33,7,400943,12,14,2,10,0,4,1,0,0,50,39,1
20,4,266015,15,10,4,12,3,2,1,0,0,44,39,0
47,4,46857,15,10,0,1,1,4,1,0,0,40,39,0
32,1,174215,9,13,4,4,1,4,0,0,0,60,39,0
27,0,280699,15,10,4,0,4,4,0,0,0,40,39,0
19,6,36012,15,10,4,3,3,4,1,0,0,20,39,0
54,1,392502,15,10,2,10,0,4,1,0,0,40,39,1
25,4,161478,9,13,4,10,1,1,0,0,0,40,39,0
34,2,236415,15,10,4,1,4,4,0,0,0,18,39,0
19,5,170125,11,9,4,12,3,4,1,0,0,40,39,0
23,0,32897,7,12,2,0,0,4,1,0,0,20,39,0
32,4,80058,1,7,0,12,1,4,1,0,0,43,39,1
23,4,198996,11,9,4,1,1,4,0,0,0,40,39,0
41,4,287037,15,10,4,5,1,4,1,0,0,40,39,0
19,6,285263,6,5,4,10,1,4,1,0,0,35,26,0
23,4,268525,9,13,4,10,1,4,1,0,0,50,39,0
61,7,162678,4,3,2,14,0,4,1,0,0,40,39,0
21,4,118023,11,9,4,5,3,4,1,0,0,24,39,0
46,5,181413,7,12,2,4,5,4,0,0,0,40,39,0
46,4,189498,9,13,2,10,0,4,1,0,1848,45,39,1
18,4,139576,11,9,4,1,3,4,0,0,0,40,39,0
29,4,173851,11,9,2,3,0,4,1,0,0,40,39,0
62,0,266037,15,10,2,0,0,4,1,0,0,40,39,0
37,2,265038,14,15,2,10,0,4,1,0,0,60,39,1
48,4,149210,11,9,5,3,4,2,1,0,0,45,39,0
35,0,98080,14,15,4,0,1,1,1,4787,0,45,24,1
48,4,115585,9,13,2,12,0,4,1,0,0,40,39,0
46,4,81497,11,9,0,6,1,4,0,0,0,48,39,0
36,4,183279,11,9,2,3,0,4,1,0,0,40,39,0
53,4,99476,11,9,0,8,1,4,0,0,0,38,39,0
52,4,202930,9,13,0,4,1,4,1,0,0,40,39,1
22,4,243178,9,13,4,1,3,4,1,0,0,20,39,0
27,4,176683,8,11,2,8,0,4,1,0,0,60,39,0
49,2,145290,4,3,2,8,0,4,1,0,0,40,39,0
37,4,222450,4,3,2,7,0,4,1,0,0,40,26,0
26,0,208994,15,10,4,0,3,4,1,0,0,12,39,0
23,4,182615,15,10,4,1,3,4,1,0,0,40,39,0
34,4,314646,6,5,2,3,0,4,1,0,0,40,39,0
46,4,158656,7,12,4,10,4,4,0,0,0,36,39,0
55,0,449576,4,3,2,0,0,4,1,0,0,48,26,0
22,0,121070,15,10,4,0,3,4,1,0,0,35,39,0
31,4,330715,11,9,5,8,1,4,1,0,0,40,39,0
26,4,57512,11,9,4,14,1,4,1,0,0,40,39,0
36,4,99146,11,9,2,7,0,4,1,0,0,45,39,1
19,4,167149,15,10,4,12,3,4,0,0,0,25,39,0
33,4,206609,9,13,2,4,0,4,1,0,0,45,39,0
37,4,340599,1,7,5,8,4,2,0,0,0,40,39,0
41,4,143003,8,11,2,8,0,1,1,7298,0,60,19,1
64,4,170483,11,9,6,8,1,4,0,0,0,38,39,0
48,4,232145,11,9,0,7,1,4,1,0,0,40,39,0
52,4,89054,11,9,2,3,0,4,1,0,0,40,39,0
24,6,81145,15,10,4,8,1,4,0,0,0,75,39,0
44,7,144125,9,13,0,10,1,4,0,0,0,40,39,0
56,4,202220,15,10,5,13,4,2,0,0,0,38,39,0
24,4,267945,9,13,4,1,3,4,0,0,0,40,39,0
58,6,165695,11,9,0,4,1,4,1,0,0,70,39,0
90,4,47929,11,9,2,7,0,4,1,0,0,40,39,0
32,4,372692,11,9,2,3,0,4,1,0,0,40,39,0
37,4,359796,15,10,0,12,1,2,1,0,0,40,39,0
50,5,160151,15,10,2,12,0,4,1,0,0,60,39,1
32,6,420895,9,13,2,12,0,4,1,0,0,47,39,0
24,4,289448,8,11,4,1,3,1,0,0,0,40,30,0
36,4,288103,1,7,5,7,1,2,1,0,0,40,39,0
67,5,171564,11,9,2,10,5,4,0,20051,0,30,9,1
41,4,221947,15,10,2,4,0,4,1,0,1887,50,39,1
33,4,198003,15,10,2,3,0,4,1,7298,0,50,39,1
29,6,322238,11,9,4,5,1,4,1,0,0,40,39,0
27,4,135308,9,13,4,12,1,2,0,0,0,40,39,0
29,4,182521,11,9,4,3,1,0,1,0,0,40,39,0
56,4,155657,5,4,0,7,1,4,0,0,0,20,41,0
59,4,157305,13,1,4,7,1,4,1,0,0,40,6,0
66,5,253741,11,9,2,12,0,4,1,0,1825,10,39,1
33,4,191335,7,12,2,3,0,4,1,0,1902,50,39,1
42,4,318947,11,9,0,7,1,4,0,0,0,40,39,0
53,6,101432,11,9,2,12,0,4,1,0,0,50,39,0
57,4,225927,0,6,2,7,0,4,1,0,0,40,39,0
34,7,221966,9,13,4,10,1,4,1,0,0,45,39,0
65,4,109351,6,5,6,9,4,2,0,0,0,24,39,0
41,4,69333,11,9,2,3,0,4,1,0,0,45,39,1
20,4,27049,15,10,4,4,3,4,0,0,0,20,39,0
30,4,224147,11,9,4,14,3,2,1,0,0,40,39,0
53,2,131258,14,15,4,10,1,4,0,0,0,50,39,1
62,4,113080,5,4,0,3,3,4,1,0,0,40,39,0
37,4,215310,11,9,2,3,0,4,1,0,0,50,39,1
46,4,125492,9,13,0,10,1,2,0,0,0,40,39,0
23,4,193089,1,7,4,3,3,4,1,0,0,40,39,0
28,4,115438,9,13,4,1,3,4,1,0,0,40,39,0
22,4,364342,8,11,4,12,1,2,0,0,0,25,39,0
38,2,216129,15,10,3,4,4,2,0,0,0,35,39,0
31,4,206046,11,9,0,7,1,4,1,0,0,40,39,0
34,4,227359,15,10,2,8,0,4,1,0,0,42,39,0
17,4,24090,11,9,4,4,3,4,0,0,0,35,39,0
34,4,213307,11,9,4,6,4,4,0,7443,0,35,39,0
46,4,360096,9,13,2,4,0,4,1,15024,0,60,39,1
45,4,185397,7,12,0,3,1,4,1,0,0,40,39,0
49,6,56841,9,13,2,5,0,4,1,0,0,70,39,0
31,4,257863,15,10,0,8,1,4,0,0,0,15,39,0
50,4,138358,0,6,5,1,1,2,0,0,0,47,23,0
24,4,180060,7,12,4,3,1,4,1,2354,0,40,39,0
42,2,55363,12,14,2,10,0,4,1,0,0,55,39,1
75,0,222789,9,13,6,0,1,4,0,0,0,6,39,0
24,2,317443,9,13,2,10,5,2,0,0,0,40,39,0
19,4,138760,11,9,4,7,3,4,1,0,0,40,39,0
17,0,161259,0,6,4,0,2,4,1,0,0,12,39,0
22,4,229456,15,10,4,1,3,2,0,0,0,35,39,0
44,4,104196,12,14,2,4,0,4,1,0,0,45,39,1
45,4,238567,9,13,2,4,0,4,1,0,0,40,9,1
33,5,117963,7,12,2,4,0,4,1,0,1887,60,39,1
63,4,158199,3,2,6,7,4,4,0,0,0,44,32,0
35,2,195516,11,9,0,4,1,4,1,0,0,40,39,0
29,4,242482,11,9,4,8,1,4,1,0,0,32,39,0
31,4,182237,0,6,5,14,4,4,1,0,0,40,39,0
44,4,109912,10,16,2,4,5,4,0,15024,0,32,39,1
32,6,27939,15,10,2,12,0,0,1,0,0,60,39,0
33,4,224141,11,9,2,8,0,4,1,0,0,40,39,0
19,4,148644,11,9,4,1,3,4,0,0,0,40,39,0
21,4,185948,15,10,4,12,3,4,1,0,0,35,39,0
47,4,72896,11,9,2,14,0,4,1,0,0,40,39,0
40,6,117721,11,9,2,5,0,4,1,0,0,60,39,0
27,4,367390,15,10,4,3,4,4,1,0,0,50,39,0
52,4,101752,8,11,2,14,0,4,1,0,0,56,39,0
29,4,207064,11,9,2,7,0,4,1,0,0,40,39,0
61,4,128230,5,4,2,12,0,4,1,0,0,50,39,1
54,4,133050,15,10,4,12,1,2,1,0,0,41,39,0
63,0,186809,9,13,2,0,0,4,1,0,0,30,39,1
23,2,23438,11,9,4,10,1,4,0,0,0,40,39,0
47,4,200471,8,11,2,1,0,4,1,4064,0,40,39,0
24,4,234640,11,9,3,12,3,4,0,0,0,36,39,0
23,4,212619,11,9,2,7,0,4,1,0,0,50,39,0
17,4,186890,0,6,2,12,3,4,0,0,0,30,39,0
56,4,134286,15,10,2,4,0,4,1,0,0,45,39,0
55,2,219775,11,9,0,8,4,4,0,0,0,38,39,0
64,4,256466,11,9,2,13,0,1,1,0,0,60,30,1
74,6,292915,9,13,2,4,0,4,1,0,1825,12,39,1
29,4,200468,0,6,4,10,1,4,1,0,0,40,39,0
33,4,82393,11,9,4,3,3,1,1,0,0,40,39,0
43,4,183273,12,14,2,4,5,4,0,15024,0,32,39,1
59,0,409842,12,14,2,0,0,4,1,0,0,20,39,0
58,4,104945,6,5,2,6,0,2,1,0,0,60,39,0
25,4,109112,11,9,2,7,0,4,1,0,0,48,39,0
39,4,238415,9,13,2,4,0,4,1,0,0,50,39,1
47,6,177457,15,10,2,8,0,2,1,0,0,40,39,0
38,4,121602,11,9,2,7,0,4,1,0,0,40,39,0
26,4,109419,8,11,4,1,1,4,0,0,0,45,39,0
26,4,248990,11,9,2,3,0,4,1,0,0,40,26,0
46,4,149640,9,13,0,10,1,4,1,0,0,45,9,1
23,5,306868,9,13,4,5,1,4,1,0,0,40,39,0
19,4,418324,15,10,4,12,3,4,1,0,0,36,39,0
25,4,236564,11,9,4,1,1,4,1,0,0,40,39,0
25,4,374163,2,8,2,5,0,3,1,0,0,60,26,0
49,4,94342,9,13,2,3,0,4,1,0,0,60,39,0
20,4,224217,11,9,4,14,1,4,1,0,0,40,39,0
61,0,232618,14,15,2,0,0,4,1,0,0,40,39,1
21,0,188535,15,10,4,0,3,4,1,0,0,40,39,0
57,2,189824,15,10,2,6,0,2,1,7298,0,40,39,1
37,2,218184,9,13,2,10,0,4,1,0,1887,40,39,1
39,4,204527,10,16,2,10,0,4,1,0,0,50,39,1
21,4,118186,15,10,4,12,3,2,0,0,0,20,39,0
18,6,42857,15,10,4,3,1,4,0,0,0,35,39,0
31,4,286675,11,9,0,3,3,4,1,0,0,50,39,0
28,4,150025,1,7,4,3,1,4,1,0,0,40,0,0
42,4,168515,8,11,0,10,1,4,0,0,0,40,39,0
57,4,178353,11,9,2,3,0,4,1,0,0,50,39,1
35,4,174597,9,13,2,3,0,4,1,0,0,40,39,0
35,7,190895,11,9,2,3,0,4,1,0,0,40,39,0
17,4,345403,0,6,4,8,3,4,1,0,0,40,39,0
63,0,319121,1,7,5,0,1,2,1,0,0,40,39,0
19,4,148392,11,9,4,1,3,4,1,0,0,30,39,0
27,4,302406,12,14,2,10,0,4,1,0,0,55,39,0
29,4,370494,11,9,4,8,4,4,0,0,0,40,26,0
36,4,127306,11,9,4,1,1,4,0,0,0,47,39,0
21,4,143604,11,9,4,1,3,4,0,0,0,40,39,0
44,4,252202,11,9,0,1,1,4,0,0,0,40,39,0
30,4,160784,15,10,4,12,1,4,1,0,0,45,39,0
29,4,393264,9,13,4,10,1,4,1,0,0,40,39,0
45,4,240554,9,13,2,4,0,4,1,0,0,40,39,1
59,4,143372,0,6,0,1,1,2,0,0,0,40,39,0
47,1,197038,9,13,2,10,0,4,1,0,0,50,39,0
25,4,570821,15,10,2,7,0,4,1,0,0,40,39,0
19,4,124486,2,8,4,8,3,4,1,0,1602,20,39,0
34,6,156809,15,10,4,3,1,4,1,0,1504,60,39,0
90,6,282095,15,10,2,5,0,4,1,0,0,40,39,0
40,6,199303,9,13,2,10,0,4,1,0,0,40,39,0
46,7,222374,11,9,2,8,0,4,1,0,0,43,39,1
58,4,366324,15,10,2,8,5,4,0,0,0,30,39,0
45,4,176917,11,9,4,6,2,4,1,0,0,40,39,0
63,6,298249,9,13,2,12,0,4,1,10605,0,40,39,1
53,4,95519,11,9,2,10,0,4,1,0,0,42,39,1
39,4,202027,14,15,2,10,0,4,1,0,0,45,39,1
38,4,240467,12,14,4,4,4,2,0,0,0,35,39,0
33,0,289046,11,9,0,0,1,2,1,0,1741,40,39,0
23,4,178272,9,13,4,10,1,4,0,0,0,40,39,0
28,4,197905,11,9,2,3,0,4,1,0,0,50,39,0
42,1,158926,7,12,0,10,4,1,0,0,0,40,30,1
46,4,213408,15,10,0,12,4,4,0,0,0,40,5,0
50,4,185354,12,14,0,4,1,4,0,0,0,35,39,0
32,4,419691,2,8,2,12,0,4,1,0,0,40,39,1
60,1,119832,15,10,2,1,0,4,1,7298,0,40,39,1
28,4,215014,11,9,2,14,0,4,1,0,0,50,39,0
43,4,345789,9,13,2,10,5,4,0,15024,0,50,39,1
29,4,301031,11,9,2,14,0,2,1,0,0,40,39,0
30,4,132565,15,10,4,3,4,4,1,0,0,40,39,0
19,0,188618,15,10,4,0,3,4,0,0,0,25,39,0
21,4,20728,11,9,4,12,3,4,0,4101,0,40,39,0
39,4,108419,15,10,2,3,0,4,1,0,0,40,39,0
50,4,143664,9,13,4,4,1,4,1,0,0,40,39,0
64,5,181408,8,11,2,3,0,4,1,0,0,10,39,0
46,4,309895,15,10,5,1,4,4,0,0,0,40,39,0
42,6,32546,14,15,0,10,4,4,1,7430,0,40,39,1
42,2,255847,11,9,2,14,0,4,1,0,0,40,39,0
54,4,77336,11,9,2,12,0,4,1,0,0,40,39,0
41,2,34987,9,13,2,10,0,4,1,0,0,35,39,1
24,7,273905,7,12,2,11,0,4,1,0,0,50,39,0
74,7,236012,5,4,6,6,1,4,0,0,0,20,39,0
34,7,61431,2,8,4,1,1,2,0,0,0,40,39,0
30,4,143766,11,9,4,8,1,4,1,0,0,30,39,0
39,2,166497,11,9,0,6,1,4,1,0,0,40,39,1
53,4,48413,11,9,2,3,0,4,1,0,0,40,39,0
35,4,27408,15,10,4,12,1,4,1,0,0,40,39,0
39,2,187127,15,10,2,4,0,4,1,0,0,40,39,0
63,4,181828,11,9,2,12,0,4,1,0,0,48,0,0
38,4,78247,15,10,2,4,0,4,1,0,0,40,39,0
63,6,106551,11,9,2,3,0,4,1,0,0,40,39,0
23,4,162228,11,9,4,14,3,4,1,0,0,40,39,0
56,0,131608,11,9,0,0,1,4,1,0,0,10,39,0
55,4,89182,2,8,0,7,1,4,0,0,0,40,22,0
59,4,205949,11,9,5,3,4,0,0,0,0,40,39,0
46,8,142210,11,9,2,7,5,4,0,0,0,25,39,0
47,4,47496,11,9,0,3,1,4,1,0,0,42,39,0
46,2,230979,9,13,0,10,1,4,0,4787,0,25,39,1
45,4,36006,9,13,2,3,0,4,1,0,0,45,39,1
27,4,221912,11,9,4,6,3,4,1,0,0,40,39,0
62,4,88055,9,13,2,7,0,4,1,0,0,40,39,0
36,6,186035,14,15,2,12,0,4,1,0,0,30,39,1
25,4,485496,11,9,4,7,1,2,0,0,0,40,39,0
81,0,89015,11,9,2,0,0,4,1,0,0,18,39,0
37,6,111129,15,10,2,3,0,4,1,0,0,45,39,0
50,4,171338,15,10,2,4,0,4,1,99999,0,50,39,1
23,4,152189,7,12,4,8,1,4,1,0,0,40,39,0
40,4,248406,15,10,0,7,3,4,1,0,0,32,39,0
21,4,164019,15,10,4,5,3,2,1,0,0,10,39,0
30,5,224498,11,9,0,1,4,4,0,0,0,40,39,0
30,4,460408,11,9,2,3,0,4,1,0,0,40,39,1
73,6,300404,15,10,2,12,0,4,1,0,0,6,39,1
36,4,289190,11,9,0,3,4,4,1,0,0,40,39,0
34,4,37676,9,13,2,12,0,4,1,0,0,50,39,1
54,4,35459,11,9,4,12,1,4,1,0,0,40,39,0
32,4,167106,11,9,2,12,0,1,1,0,0,40,17,0
37,4,278576,11,9,2,7,0,4,1,0,0,60,39,1
46,4,97883,15,10,0,1,1,4,0,0,0,40,39,0
74,4,183701,0,6,6,8,1,2,0,0,0,6,39,0
57,4,98350,14,15,2,3,0,1,1,0,1902,40,30,1
49,4,169180,5,4,2,7,5,4,0,0,0,40,17,0
26,5,109240,9,13,4,4,1,4,1,0,0,50,39,0
42,4,154374,9,13,2,4,0,4,1,0,2415,60,39,1
55,4,195329,11,9,6,8,1,4,0,2202,0,35,22,0
22,4,183970,11,9,4,6,3,2,1,0,0,40,39,0
33,4,238912,10,16,2,10,0,4,1,0,0,60,39,1
45,7,187581,8,11,2,11,0,4,1,0,0,40,39,0
46,1,212120,8,11,2,1,0,4,1,0,0,40,39,1
45,4,186473,11,9,0,1,4,4,0,0,0,40,39,0
26,4,147982,1,7,0,3,1,4,0,0,0,40,39,0
60,7,198815,7,12,2,10,0,4,1,0,0,20,26,0
30,4,206051,11,9,2,14,0,4,1,0,0,40,39,0
24,4,192201,15,10,4,4,1,2,0,0,0,20,39,0
43,4,162003,15,10,0,7,1,4,1,0,0,40,39,0
32,4,103608,9,13,2,6,0,1,1,0,0,40,39,0
18,4,271935,11,9,4,7,3,4,0,0,0,40,39,0
27,4,110931,11,9,2,1,0,4,1,0,0,40,39,0
21,4,43535,15,10,4,12,1,4,0,0,0,40,39,0
54,4,284129,15,10,2,14,0,4,1,0,0,45,39,1
32,4,271276,11,9,2,14,0,4,1,0,0,80,39,1
23,2,314819,11,9,4,14,3,4,1,0,0,40,39,0
26,4,209942,11,9,4,6,3,2,1,0,0,40,39,0
30,4,178841,9,13,4,4,1,4,0,0,0,40,39,0
29,4,337693,4,3,4,8,3,4,0,0,0,40,8,0
41,4,182108,10,16,4,7,1,4,0,0,0,40,39,1
43,4,233130,15,10,4,1,1,4,1,0,0,25,39,0
52,4,198824,8,11,5,8,4,4,0,0,0,35,39,0
77,0,152900,4,3,2,0,0,4,1,0,0,20,39,0
50,4,139703,15,10,2,3,0,4,1,0,0,40,39,1
42,4,70055,11,9,2,6,0,4,1,0,0,40,39,0
36,4,141420,9,13,0,6,1,4,1,0,0,30,39,0
20,4,381357,6,5,4,6,3,4,1,0,0,28,39,0
24,4,32732,11,9,2,3,0,4,1,0,0,50,39,0
45,4,108859,11,9,5,3,4,2,0,0,0,40,39,0
40,4,104196,11,9,2,13,0,4,1,0,0,40,39,0
43,2,113324,9,13,2,10,0,4,1,0,0,40,39,1
27,4,193122,11,9,2,7,0,4,1,0,0,40,39,0
27,4,145784,15,10,2,1,5,0,0,0,0,45,39,0
20,6,217404,0,6,4,7,3,4,1,0,0,40,39,0
42,4,383493,12,14,2,10,0,4,1,0,0,50,39,1
28,4,209205,9,13,4,10,1,4,1,0,0,60,39,1
36,7,340091,10,16,2,10,5,4,0,0,0,36,39,1
46,4,202560,11,9,2,4,5,4,0,0,0,40,39,1
22,4,316509,11,9,4,3,1,4,1,0,0,50,39,0
28,4,167987,11,9,4,8,3,4,0,0,0,40,39,0
64,0,178724,11,9,2,0,5,4,0,0,0,20,39,0
29,4,100764,9,13,2,4,0,4,1,0,0,45,39,1
35,4,184655,1,7,0,14,1,4,1,0,0,50,39,0
34,4,305619,11,9,2,3,0,4,1,0,0,40,39,1
27,4,161155,11,9,2,8,0,4,1,0,0,40,39,0
23,4,203715,11,9,4,5,3,4,1,0,0,40,39,0
19,7,165289,15,10,4,8,3,4,0,0,0,40,39,0
44,4,190739,11,9,4,8,2,2,1,0,0,32,39,0
48,2,102076,9,13,4,1,4,4,0,0,0,35,39,0
24,4,102493,11,9,2,6,0,4,1,0,0,40,39,0
18,7,389147,11,9,4,12,1,2,0,0,0,30,39,0
22,4,205940,9,13,4,4,1,4,0,0,0,40,39,0
48,4,205424,9,13,0,12,4,4,1,0,0,40,39,1
52,4,138497,9,13,2,12,0,4,1,0,0,45,39,1
39,4,301568,15,10,0,12,4,4,0,0,0,40,39,0
69,6,69306,15,10,2,8,5,4,0,0,0,15,39,0
61,4,142922,11,9,2,14,0,4,1,0,0,40,39,0
34,7,318982,12,14,2,7,0,4,1,0,1848,40,39,1
21,4,118712,11,9,4,3,4,4,1,0,0,35,39,0
42,5,277488,14,15,2,10,0,4,1,15024,0,65,39,1
23,4,86065,2,8,4,8,1,4,0,0,0,30,39,0
30,4,206512,9,13,4,4,1,4,1,0,0,44,39,0
43,4,239161,15,10,2,12,0,0,1,0,0,40,39,0
62,2,206063,15,10,0,8,1,4,1,0,0,45,39,0
37,4,37238,9,13,4,4,1,4,1,0,0,45,39,0
27,4,37250,15,10,2,7,0,4,1,0,1651,40,39,0
72,4,53684,15,10,2,11,0,2,1,0,0,40,39,0
51,4,86332,8,11,2,8,0,4,1,4064,0,55,39,0
42,4,187720,12,14,2,12,0,4,1,15024,0,50,0,1
44,4,277720,15,10,2,1,5,4,0,0,0,35,39,0
44,4,523484,9,13,2,4,0,2,1,0,0,40,39,1
45,2,162187,11,9,2,11,0,4,1,0,0,40,39,1
37,7,108293,7,12,0,10,4,4,0,0,0,38,39,0
56,4,168625,11,9,0,10,1,4,0,4101,0,40,39,0
20,4,379525,15,10,4,8,3,4,0,0,0,10,39,0
31,4,377374,15,10,0,1,4,2,0,0,0,40,24,0
24,4,34446,15,10,4,13,1,4,0,0,0,37,39,0
57,6,327901,0,6,2,3,0,4,1,0,0,40,39,0
34,4,111567,11,9,4,14,3,4,1,0,0,40,39,0
34,5,154120,11,9,4,5,3,4,1,0,0,55,39,0
49,4,50474,11,9,2,4,0,4,1,0,0,40,39,0
38,4,167882,15,10,6,8,2,2,0,0,0,45,14,0
68,0,191288,5,4,6,0,1,4,0,0,0,15,39,0
27,4,111900,15,10,4,10,1,4,1,0,0,40,39,0
23,4,33884,15,10,5,12,4,4,0,0,0,40,39,0
50,5,195322,10,16,5,10,1,4,1,0,0,40,39,1
42,4,31387,10,16,3,10,4,0,0,0,0,40,39,0
25,4,236267,11,9,2,6,0,4,1,0,0,40,39,0
24,4,283806,15,10,4,8,1,4,0,0,0,40,39,0
50,6,225772,10,16,0,10,1,4,0,0,0,60,39,1
28,4,140845,0,6,4,7,1,4,0,0,155,40,39,0
32,4,268147,8,11,4,13,4,4,0,0,0,60,39,0
36,4,150057,15,10,2,4,0,4,1,0,0,65,39,0
27,4,224105,11,9,2,7,0,4,1,7298,0,40,39,1