iteration,MSE_trg,MSE_val,MSE_tst,acc_trg,acc_val,acc_tst,f1_trg,f1_val,f1_tst,elapsed
0,0.0984266070566,0.0987374148996,0.0981683730714,0.862929980793,0.857891061453,0.867318435754,0.0125786163522,0,0.0041928721174,0.035846324
10,0.09730276699,0.0976188542568,0.0969859408857,0.864850707177,0.859287709497,0.869832402235,0.0140127388535,0,0,0.342450367
20,0.0913423361775,0.0915392302459,0.0911306214077,0.869128688668,0.865223463687,0.873184357542,0.0131665569454,0,0,0.595483524
30,0.0875150506678,0.0876812807349,0.0872411588221,0.874454339096,0.873603351955,0.878212290503,0.0244233378562,0.0109289617486,0.018018018018,0.866515503
40,0.0824360585615,0.0824264934363,0.0821803634917,0.885978697398,0.885125698324,0.888268156425,0.0993103448276,0.08356545961,0.118942731278,1.235831196
50,0.0755928049163,0.0753147599472,0.0754897413827,0.924655142308,0.92562849162,0.926815642458,0.522940851299,0.531868131868,0.540350877193,1.554947854
60,0.0739343711197,0.0736820702094,0.0738531176812,0.941941679763,0.946927374302,0.943854748603,0.670302429351,0.705426356589,0.682464454976,1.941949375
70,0.0731063119723,0.0729035616053,0.0730756821466,0.947878470403,0.950069832402,0.949441340782,0.71692745377,0.731707317073,0.723664122137,2.427983841
80,0.0702035836591,0.0699898689721,0.0701821700589,0.950323031255,0.95530726257,0.951955307263,0.72735984667,0.75572519084,0.732919254658,2.750460468
90,0.0679744145035,0.0678378448566,0.0680006406222,0.951021477213,0.954608938547,0.952234636872,0.735751295337,0.753787878788,0.738131699847,3.020791576
100,0.0669598154041,0.0667733856104,0.0669617160842,0.95521215296,0.959846368715,0.955027932961,0.754897276636,0.778420038536,0.752688172043,3.368781212
110,0.0646027004562,0.0643339094133,0.0646091560009,0.960974332111,0.964734636872,0.961452513966,0.779259259259,0.8,0.78025477707,3.670240676
120,0.0606871307203,0.0604102550838,0.060641158984,0.965514230836,0.968575418994,0.964245810056,0.797953964194,0.815573770492,0.788778877888,3.971936783
130,0.0593782031017,0.0590892967275,0.0592786134676,0.964903090623,0.968575418994,0.964525139665,0.793846153846,0.814814814815,0.790774299835,4.303273319
140,0.0579165761993,0.0575987407451,0.0578441011584,0.966474594028,0.97032122905,0.966201117318,0.798530954879,0.82180293501,0.796638655462,4.640563523
150,0.0520952542128,0.0519254669231,0.0522056223783,0.961934695303,0.96438547486,0.962011173184,0.762268266085,0.776315789474,0.763066202091,5.094992502
160,0.0498337612536,0.0496830652083,0.0499555713758,0.964379256155,0.966829608939,0.963966480447,0.772067039106,0.787472035794,0.770053475936,5.585100391
170,0.0469449010894,0.0467369181607,0.0469109826155,0.966998428497,0.967877094972,0.967597765363,0.787162162162,0.793721973094,0.790613718412,5.981413924
180,0.0445595736284,0.044369975539,0.0445445353744,0.968482626157,0.97032122905,0.967877094972,0.800662617338,0.813186813187,0.79427549195,6.272766121
190,0.0389043760944,0.0385960917195,0.0388646591226,0.969268377859,0.972067039106,0.969553072626,0.80701754386,0.82683982684,0.807079646018,6.504363267
200,0.0384386209775,0.0380591067309,0.0384503809498,0.96909376637,0.972765363128,0.968994413408,0.805280528053,0.830434782609,0.802841918295,6.726735791
210,0.0375946898069,0.0371699863802,0.0375687100288,0.969792212328,0.972765363128,0.969553072626,0.812160694897,0.833333333333,0.808435852373,6.957715809
220,0.0369726657006,0.0365661960417,0.0369493158039,0.969617600838,0.972416201117,0.969832402235,0.81045751634,0.830835117773,0.80985915493,7.190782055
230,0.034809439223,0.034385058614,0.0347843090731,0.970054129562,0.972416201117,0.969553072626,0.813890396093,0.830835117773,0.808435852373,7.405880243
240,0.0332813847996,0.0328195199394,0.0332114463729,0.970403352541,0.972765363128,0.969832402235,0.816657652785,0.833333333333,0.810526315789,7.641204969
250,0.0303271930317,0.0297087135064,0.0302265420035,0.96760956871,0.97032122905,0.967597765363,0.790985915493,0.811529933481,0.790613718412,8.038176046
260,0.0290936166919,0.0283534510304,0.0288988145462,0.970927187009,0.975558659218,0.970670391061,0.819707634001,0.851694915254,0.816112084063,8.477251023
270,0.0285197909298,0.0277996588731,0.0283203092362,0.971014492754,0.975907821229,0.970670391061,0.820346320346,0.854122621564,0.816112084063,8.69364934
280,0.0284559536187,0.0277351613304,0.0282458201308,0.971101798498,0.975558659218,0.97094972067,0.821370750135,0.852941176471,0.818181818182,8.904907346
290,0.0281306420517,0.0274107203202,0.0279177550945,0.971014492754,0.975907821229,0.970670391061,0.820346320346,0.854736842105,0.816112084063,9.129336292
300,0.0280756109394,0.0273464219156,0.0278652863674,0.971014492754,0.975558659218,0.970670391061,0.820346320346,0.852320675105,0.816112084063,9.356549944
310,0.0274954434709,0.026671111036,0.0273099894219,0.971451021477,0.975907821229,0.971787709497,0.824288017195,0.855949895616,0.825561312608,9.625585018
320,0.0275933520062,0.0267995362167,0.0274227063206,0.971712938711,0.97625698324,0.971229050279,0.825993555317,0.858333333333,0.822719449225,9.878868281
330,0.0269778968506,0.0261982058304,0.0267538548192,0.971887550201,0.97625698324,0.971787709497,0.828358208955,0.858921161826,0.826161790017,10.211881576
340,0.025707534614,0.024883044542,0.0254565527463,0.971887550201,0.976606145251,0.971508379888,0.828358208955,0.860706860707,0.824137931034,10.419956433
350,0.0239572174461,0.0230973112869,0.0237012262204,0.971625632967,0.976606145251,0.971229050279,0.826481580352,0.860706860707,0.822107081174,10.655528808
360,0.0238531587132,0.0230093041524,0.0236511018558,0.971363715732,0.97625698324,0.971508379888,0.822894168467,0.856540084388,0.823529411765,10.895370895
370,0.0235720492918,0.0227245601414,0.0233562906902,0.971363715732,0.975907821229,0.971508379888,0.822894168467,0.854122621564,0.823529411765,11.316738346
380,0.0232835864832,0.0222725336836,0.0232120279146,0.969792212328,0.972416201117,0.968715083799,0.806487695749,0.826373626374,0.798561151079,11.563355478
390,0.0244072508067,0.0234462757598,0.0244102223364,0.968569931902,0.972765363128,0.968994413408,0.800221975583,0.828193832599,0.801431127013,11.798841811
400,0.0214760141422,0.0203594442276,0.0212628837298,0.972673301903,0.978701117318,0.971787709497,0.835695538058,0.874226804124,0.82793867121,12.007944029
410,0.0213359388408,0.0202785940427,0.0211308891142,0.97223677318,0.978002793296,0.971508379888,0.831389183457,0.869022869023,0.824137931034,12.217786026
420,0.0214431547713,0.0204593396104,0.0211455543034,0.972847913393,0.978002793296,0.971508379888,0.837257980115,0.870103092784,0.826530612245,12.512930946
430,0.0212232821132,0.0201955459273,0.0209039439756,0.973109830627,0.97905027933,0.972625698324,0.83857442348,0.876543209877,0.833333333333,12.75731465
440,0.0196892711645,0.0186061307654,0.0194212716388,0.972498690414,0.977653631285,0.971508379888,0.833948339483,0.866666666667,0.824742268041,13.109926838
450,0.0242090591295,0.0229926047987,0.0242013576429,0.954601012747,0.959148044693,0.953072625698,0.672955974843,0.715328467153,0.658536585366,13.329630333
460,0.0188277194466,0.0176112611013,0.0186176424063,0.97206216169,0.977304469274,0.971229050279,0.829605963791,0.863157894737,0.822107081174,13.569562073
470,0.0185512278722,0.017233927212,0.0184224921937,0.971625632967,0.977304469274,0.97094972067,0.826296098343,0.861995753715,0.819444444444,13.90443251
480,0.0186935065884,0.0173889583568,0.0184911088033,0.97223677318,0.977653631285,0.97094972067,0.83085106383,0.864978902954,0.820069204152,14.194310217
490,0.018433870803,0.0171980543378,0.0181231118259,0.972411384669,0.978002793296,0.971229050279,0.832627118644,0.867924528302,0.822719449225,14.596641488
500,0.0183264650815,0.017202878593,0.0179805939857,0.970141435306,0.973463687151,0.969832402235,0.813522355507,0.834782608696,0.809187279152,14.937127765
510,0.0176258487625,0.0164130343643,0.017241002727,0.971800244456,0.976955307263,0.971508379888,0.827733333333,0.860759493671,0.823529411765,15.18134608
520,0.0172471217772,0.0159358502761,0.0167483764408,0.973982888074,0.978351955307,0.973184357542,0.844467640919,0.872427983539,0.837837837838,15.400011247
530,0.0167511124615,0.0155011990199,0.0161942703105,0.973982888074,0.978351955307,0.973184357542,0.844629822732,0.872950819672,0.837837837838,15.673585533
540,0.0162242972869,0.0150391742809,0.0156535006333,0.973459053606,0.97905027933,0.974581005587,0.840670859539,0.876033057851,0.846023688663,15.995403774
550,0.015261896398,0.0140342579077,0.0147588033345,0.973633665095,0.97905027933,0.974581005587,0.841552990556,0.876033057851,0.846023688663,16.203361768
560,0.0150216724984,0.0137986126386,0.0145643850122,0.97372097084,0.978351955307,0.974581005587,0.840993132594,0.870833333333,0.845500848896,16.413690545
570,0.0149903971065,0.0137770289001,0.0146499415159,0.973371747861,0.976606145251,0.97374301676,0.835402050729,0.857142857143,0.837931034483,16.628288931
580,0.0140709720452,0.0128892439837,0.0135802515615,0.97372097084,0.977653631285,0.974860335196,0.841662283009,0.867768595041,0.847457627119,16.833817675
590,0.0139487089139,0.0127649068916,0.0134563795381,0.97372097084,0.977653631285,0.974860335196,0.841662283009,0.867768595041,0.847457627119,17.10626768
600,0.0131794672001,0.0119733583781,0.0126708327595,0.973808276585,0.978351955307,0.975698324022,0.84243697479,0.872427983539,0.85328836425,17.522301137
610,0.0119229237779,0.010678468394,0.0114265956397,0.974157499563,0.978351955307,0.975139664804,0.845993756504,0.871369294606,0.850420168067,17.73064904
620,0.0119091940085,0.0106564931238,0.0114231233096,0.974157499563,0.978351955307,0.975139664804,0.845993756504,0.871369294606,0.850420168067,17.942183213
630,0.0118931512113,0.0106697960206,0.0114062947175,0.974157499563,0.978351955307,0.975139664804,0.845993756504,0.871369294606,0.850420168067,18.147333747
640,0.012048274826,0.0108427801638,0.0116434292909,0.972847913393,0.977304469274,0.974022346369,0.835536753041,0.864300626305,0.841567291312,18.360562116
650,0.0116397682443,0.0104545494016,0.0111647418011,0.974419416798,0.978002793296,0.975418994413,0.847950181629,0.870103092784,0.851851851852,18.578157796
660,0.0111329465658,0.00991272553677,0.0106441094541,0.974506722542,0.977653631285,0.975977653631,0.849173553719,0.868312757202,0.85618729097,18.798384471
670,0.0109121104397,0.00962806752532,0.010370001908,0.974943251266,0.97905027933,0.978491620112,0.852138073158,0.877551020408,0.873563218391,19.028790531
680,0.0107141150954,0.00946200118921,0.0100474973592,0.976776671905,0.978701117318,0.978770949721,0.867,0.878727634195,0.877022653722,19.244794687
690,0.010696528486,0.00940672364545,0.0100331520776,0.97668936616,0.97905027933,0.978770949721,0.866299449174,0.880478087649,0.877022653722,19.478811266
700,0.0105777294696,0.00927482728741,0.00992503933089,0.976340143181,0.979748603352,0.978770949721,0.863062152602,0.883534136546,0.876623376623,19.714286655
710,0.0105188217494,0.00921220326225,0.00989837932548,0.976252837437,0.980097765363,0.97905027933,0.86192893401,0.885311871227,0.878048780488,19.940401042
720,0.0104069547267,0.00907346177185,0.00980418399997,0.976252837437,0.980097765363,0.978770949721,0.862208713273,0.885311871227,0.876623376623,20.267249805
730,0.0102192720752,0.00892797452202,0.00960647282158,0.975990920203,0.979399441341,0.978491620112,0.860050890585,0.880808080808,0.874796747967,20.486975967
740,0.0100989823971,0.00890083734748,0.00943521966404,0.976252837437,0.979748603352,0.978770949721,0.862626262626,0.883534136546,0.876623376623,20.709379878
750,0.010082226598,0.00891697226487,0.00940136769848,0.976776671905,0.97905027933,0.978770949721,0.867,0.880952380952,0.877419354839,20.933236449
760,0.0100597696954,0.00886554746141,0.00934521458854,0.976340143181,0.979399441341,0.978491620112,0.863062152602,0.881763527054,0.875202593193,21.181013834
770,0.00994171145805,0.0086712426965,0.00934358555262,0.975554391479,0.978351955307,0.978491620112,0.855967078189,0.873983739837,0.873563218391,21.401622373
780,0.00980014774788,0.00857100593555,0.00907939084791,0.97686397765,0.979399441341,0.978212290503,0.867034621174,0.882703777336,0.874193548387,21.607782023
790,0.00973214719655,0.00834992467903,0.00909958800323,0.976951283394,0.979399441341,0.97905027933,0.866125760649,0.881763527054,0.878048780488,21.825440117
800,0.00972556242432,0.00836846619422,0.00908842774422,0.977213200629,0.979399441341,0.978770949721,0.867848101266,0.881763527054,0.876623376623,22.03759247
810,0.00965170853141,0.00827012177737,0.00909077750179,0.977213200629,0.979399441341,0.978491620112,0.867848101266,0.881763527054,0.874796747967,22.25494779
820,0.00968428255349,0.00828541012298,0.00917459374042,0.977125894884,0.979748603352,0.977932960894,0.867810292634,0.883534136546,0.871544715447,22.564143565
830,0.00963428024391,0.00826245593364,0.00917476177321,0.977038589139,0.979399441341,0.978770949721,0.866700456158,0.881763527054,0.876221498371,22.773216014
840,0.00955237667118,0.0081785612184,0.00907023685629,0.977649729352,0.979748603352,0.978770949721,0.871227364185,0.884,0.877022653722,23.088891948
850,0.00945555142476,0.00800444776129,0.00894068707102,0.977038589139,0.980097765363,0.979329608939,0.867104598282,0.885771543086,0.87987012987,23.36787931
860,0.00944822733209,0.00802472762906,0.00892146560081,0.977213200629,0.980446927374,0.979608938547,0.868513853904,0.888,0.881685575365,23.591281342
870,0.00977627691421,0.00866241037809,0.00914453767499,0.977125894884,0.980446927374,0.979888268156,0.870425321464,0.889763779528,0.885350318471,23.87546635
880,0.00936170640153,0.00800510201458,0.00874380903964,0.977737035097,0.981145251397,0.979329608939,0.872817955112,0.893700787402,0.88141025641,24.257649932
890,0.00935548814542,0.0079986800709,0.00874541755675,0.977649729352,0.981145251397,0.979329608939,0.872127872128,0.893700787402,0.88141025641,24.540253497
900,0.00933810836063,0.00794305264478,0.00875134573765,0.977300506373,0.981145251397,0.979608938547,0.869477911647,0.892857142857,0.882067851373,24.767117016
910,0.00932678510959,0.00795645130134,0.00874749709163,0.977213200629,0.981145251397,0.979888268156,0.868646200302,0.892430278884,0.883870967742,25.007793287
920,0.00930923745714,0.00800721432933,0.00876614617535,0.977562423607,0.981145251397,0.979608938547,0.870919136113,0.892430278884,0.882447665056,25.405459315
930,0.00930435588137,0.00799231736019,0.00877338758609,0.977038589139,0.980796089385,0.979608938547,0.867506297229,0.890219560878,0.882447665056,25.665608271
940,0.00934872403874,0.00817630810674,0.00875904463071,0.977300506373,0.979748603352,0.979888268156,0.87012987013,0.886274509804,0.884984025559,25.894009598
950,0.00932328186845,0.00804162432719,0.00873853885636,0.977737035097,0.979748603352,0.979608938547,0.872944693572,0.885826771654,0.8832,26.108014232
960,0.00925389343232,0.00792126677444,0.00872302532017,0.977300506373,0.981145251397,0.979888268156,0.869477911647,0.893280632411,0.88424437299,26.499259548
970,0.00921028709834,0.00787531548635,0.00866783379579,0.977475117863,0.980796089385,0.980167597765,0.870741482966,0.891518737673,0.886035313002,26.734215063
980,0.00919353791927,0.0078357002281,0.00865264913806,0.977911646586,0.980796089385,0.979888268156,0.873309964947,0.891518737673,0.88424437299,26.958948552
990,0.00923519189272,0.00784760958561,0.00870033726496,0.977387812118,0.980796089385,0.980167597765,0.86899342438,0.891518737673,0.884927066451,27.168367086
1000,0.00918795069394,0.0077993290161,0.00865258680348,0.97817356382,0.980796089385,0.979888268156,0.875,0.891518737673,0.88424437299,27.378245278
1010,0.00917081997412,0.00780880599455,0.00863193234357,0.978086258076,0.980796089385,0.979608938547,0.874687968048,0.891518737673,0.882825040128,27.587366625
1020,0.00916260261808,0.00779798938343,0.00863087375216,0.977911646586,0.980796089385,0.979888268156,0.873563218391,0.891518737673,0.88424437299,27.929810545
1030,0.00929381320205,0.00794430191463,0.00885696143678,0.97817356382,0.981843575419,0.97905027933,0.87721021611,0.899613899614,0.881516587678,28.143987177
1040,0.00913323673108,0.00775034544133,0.00861610281241,0.977911646586,0.981145251397,0.979888268156,0.873563218391,0.893280632411,0.88424437299,28.360583546
1050,0.00914956459741,0.00775804286052,0.00864360545853,0.977737035097,0.981145251397,0.979608938547,0.871147043962,0.893280632411,0.882067851373,28.580881951
1060,0.00910876305108,0.00776168947929,0.00855382380863,0.977998952331,0.980796089385,0.979608938547,0.874251497006,0.891518737673,0.882825040128,28.795164881
1070,0.0100651237739,0.00909647445791,0.00920057513619,0.976602060416,0.978002793296,0.978491620112,0.87015503876,0.879078694818,0.879499217527,29.002388615
1080,0.00905158696113,0.00767277611096,0.00853801065099,0.977998952331,0.981145251397,0.979888268156,0.873366834171,0.893280632411,0.883870967742,29.215115113
1090,0.00907222708111,0.00760744841205,0.0085687190242,0.977911646586,0.980796089385,0.979888268156,0.872800402212,0.891089108911,0.883870967742,29.44761712
1100,0.00904497393127,0.00761559526466,0.00852869378819,0.977824340842,0.980796089385,0.980167597765,0.871975806452,0.891089108911,0.885298869144,29.713651275
1110,0.00902198907524,0.0076407057499,0.00852037330927,0.978086258076,0.981145251397,0.979608938547,0.874059207225,0.893280632411,0.882447665056,29.945731824
1120,0.00903553280941,0.00765538204203,0.00854834405345,0.977911646586,0.980796089385,0.979888268156,0.872544080605,0.891089108911,0.883870967742,30.20612941
1130,0.00898564760976,0.00760258446721,0.00842673039742,0.978522786799,0.981145251397,0.980446927374,0.877245508982,0.893700787402,0.888178913738,30.456786278
1140,0.00893378428931,0.00764904644132,0.00836067241428,0.978260869565,0.981145251397,0.980446927374,0.876181004475,0.893700787402,0.888178913738,30.781562576
1150,0.00892554376541,0.00752364711001,0.00840273391024,0.977824340842,0.981145251397,0.980726256983,0.872361809045,0.893280632411,0.889245585875,31.040251976
1160,0.00883480275625,0.00747240652481,0.0083200632508,0.97817356382,0.982541899441,0.980726256983,0.875373878365,0.900793650794,0.8896,31.274562003
1170,0.0088099415229,0.00751726822171,0.00827600618717,0.978610092544,0.981843575419,0.980446927374,0.878291107799,0.897233201581,0.888178913738,31.493518693
1180,0.00880952552497,0.00751986510734,0.00829214186631,0.978697398289,0.981843575419,0.980446927374,0.878727634195,0.897233201581,0.888178913738,31.880861493
1190,0.00892392340578,0.00781106218802,0.00836337251821,0.979046621268,0.982541899441,0.980446927374,0.881773399015,0.90234375,0.889240506329,32.1056872
1200,0.00879571044171,0.00747608784065,0.00832325137522,0.978697398289,0.982541899441,0.980446927374,0.878848063555,0.90157480315,0.888535031847,32.367457858
1210,0.00878966589634,0.0073975163109,0.0083488998611,0.978872009778,0.982541899441,0.980167597765,0.879120879121,0.90157480315,0.886035313002,32.577495048
1220,0.00878907623448,0.00739443313556,0.00835029952519,0.978784704034,0.982541899441,0.980167597765,0.87856071964,0.90157480315,0.886035313002,32.795577784
1230,0.00879401640485,0.00736872538286,0.00840350593966,0.97834817531,0.983589385475,0.979608938547,0.874873864783,0.906560636183,0.882067851373,33.011614322
1240,0.00878674112494,0.00740639268803,0.00833635595221,0.978435481055,0.981843575419,0.980726256983,0.877053260329,0.897637795276,0.88995215311,33.231695326
1250,0.00876756333554,0.00734967019752,0.00831932154082,0.978260869565,0.982541899441,0.981005586592,0.875562218891,0.901185770751,0.891373801917,33.610622199
1260,0.00876202252231,0.00731531762325,0.00828487330113,0.978522786799,0.982891061453,0.981005586592,0.877245508982,0.903353057199,0.891373801917,33.81790008
1270,0.00874837607562,0.00729516147788,0.00830557701552,0.978784704034,0.982891061453,0.981005586592,0.878923766816,0.903353057199,0.891373801917,34.0397258
1280,0.00873594398565,0.00730400477618,0.00827683426433,0.979046621268,0.98219273743,0.981005586592,0.880478087649,0.899803536346,0.891373801917,34.255337294
1290,0.00879512236886,0.00732588810515,0.00839175708895,0.978260869565,0.983938547486,0.980167597765,0.873539867953,0.908,0.886035313002,34.473098598
1300,0.00872924037798,0.00729679311127,0.00829556358489,0.979221232757,0.982541899441,0.980446927374,0.881355932203,0.90157480315,0.887820512821,34.738169068
1310,0.0087350126747,0.0072639112697,0.00828209609902,0.978872009778,0.982541899441,0.981005586592,0.878878878879,0.90157480315,0.891373801917,34.964079526
1320,0.00871111319035,0.00733990598941,0.00825342463697,0.978435481055,0.982541899441,0.980167597765,0.877662209014,0.901960784314,0.887480190174,35.199837166
1330,0.00871307649387,0.00733245847839,0.00823511046438,0.978872009778,0.98219273743,0.980726256983,0.87960199005,0.899803536346,0.8896,35.471436112
1340,0.00870003987267,0.00734383500111,0.00822709440724,0.979133927012,0.98219273743,0.980726256983,0.880916791231,0.899803536346,0.8896,35.720911359
1350,0.0087570495746,0.00753125862753,0.00821813435781,0.979308538502,0.98219273743,0.98156424581,0.882498760535,0.900584795322,0.894904458599,35.957597201
1360,0.00869224313767,0.00735063243724,0.00821990668488,0.979046621268,0.982541899441,0.981005586592,0.880715705765,0.901960784314,0.891025641026,36.248366706
1370,0.00868354800482,0.00730360814132,0.00822948145683,0.979046621268,0.98219273743,0.980446927374,0.88,0.899408284024,0.887820512821,36.481762512
1380,0.00868253780905,0.00728052403132,0.0081977507204,0.978959315523,0.982541899441,0.981005586592,0.87956021989,0.901960784314,0.891025641026,36.769606553
1390,0.00868983943149,0.00733402346339,0.00818990890812,0.978959315523,0.982891061453,0.980726256983,0.879800498753,0.90373280943,0.889245585875,37.049027226
1400,0.0086741519641,0.00731137169317,0.0081785720995,0.979046621268,0.982541899441,0.981005586592,0.88035892323,0.901960784314,0.891025641026,37.3111294
1410,0.00869620780072,0.00741095843164,0.00818383612523,0.978784704034,0.982891061453,0.981843575419,0.88,0.904483430799,0.896988906498,37.608903695
1420,0.00867174023027,0.00732012969013,0.00819022706921,0.978959315523,0.982541899441,0.981005586592,0.879680479281,0.901960784314,0.891025641026,37.877965092
1430,0.00866940184408,0.00731031346717,0.00818716006633,0.979046621268,0.982541899441,0.981005586592,0.88035892323,0.901960784314,0.891025641026,38.101624973
1440,0.00866375651576,0.00730498049996,0.00819174750758,0.979046621268,0.982541899441,0.981005586592,0.88035892323,0.901960784314,0.891025641026,38.330244412
1450,0.00863501003932,0.00727098917574,0.00817970440311,0.978959315523,0.982541899441,0.98156424581,0.880159124814,0.901960784314,0.894568690096,38.560063286
1460,0.00862566330598,0.00725048675473,0.00821667871509,0.978610092544,0.983240223464,0.980726256983,0.876574307305,0.905138339921,0.889245585875,38.837265894
1470,0.00859203644903,0.00729747148181,0.00815121093694,0.978959315523,0.981843575419,0.981284916201,0.87956021989,0.897637795276,0.893141945774,39.090103078
1480,0.00860716403594,0.0073184171666,0.00820761254482,0.978610092544,0.981843575419,0.979888268156,0.876200101061,0.896825396825,0.883870967742,39.393257477
1490,0.00858090934067,0.0073015967471,0.00813808353734,0.978959315523,0.981843575419,0.981005586592,0.87956021989,0.897637795276,0.891373801917,39.6162577
1500,0.00852270374835,0.00728525797963,0.00809563209467,0.979570455736,0.981843575419,0.98156424581,0.883697813121,0.897637795276,0.894904458599,39.843320432
1510,0.00852700476043,0.00727129585899,0.0080801146378,0.979483149991,0.981494413408,0.98156424581,0.883490332176,0.895874263261,0.894904458599,40.079673355
1520,0.00854128747669,0.00730767580692,0.00806804862618,0.979308538502,0.982541899441,0.981284916201,0.882962962963,0.90234375,0.89381933439,40.305443956
1530,0.00851824767353,0.00728800142083,0.00808696442321,0.979570455736,0.981843575419,0.98156424581,0.884043607532,0.898039215686,0.894904458599,40.694149492
1540,0.0085508854299,0.00730351732667,0.00814003434201,0.979308538502,0.981843575419,0.981284916201,0.881913303438,0.897637795276,0.8928,40.912883901
1550,0.00851667282841,0.00728557579507,0.00808992672978,0.979570455736,0.981843575419,0.98156424581,0.884043607532,0.898039215686,0.894904458599,41.132078848
1560,0.00851667282841,0.00728557579507,0.00808992672978,0.979570455736,0.981843575419,0.98156424581,0.884043607532,0.898039215686,0.894904458599,41.357644028
1570,0.00851491413629,0.00727793203651,0.00809581398672,0.979308538502,0.981843575419,0.98156424581,0.882265275708,0.898039215686,0.894904458599,41.597667743
1580,0.00850975411653,0.00727212543865,0.00809119628992,0.979308538502,0.98219273743,0.98156424581,0.882265275708,0.900195694716,0.894904458599,41.832032008
1590,0.00850711810284,0.00726455405597,0.00809421941608,0.979395844247,0.98219273743,0.98156424581,0.882703777336,0.900195694716,0.894904458599,42.051638244
1600,0.00849922399739,0.00725461203077,0.0080928204518,0.979221232757,0.98219273743,0.98156424581,0.881474103586,0.900195694716,0.894904458599,42.278056282
1610,0.00853093182168,0.00731312588691,0.00808595707883,0.979745067225,0.982541899441,0.982681564246,0.885375494071,0.90234375,0.901898734177,42.669880616
1620,0.00849859664881,0.00722452151914,0.00809581782891,0.979308538502,0.981843575419,0.981284916201,0.881795511222,0.898039215686,0.893141945774,42.911773203
1630,0.00864587639015,0.00731275708796,0.00817644022341,0.978697398289,0.98219273743,0.981284916201,0.878968253968,0.900195694716,0.89381933439,43.174583526
1640,0.00854118928857,0.0072192564088,0.00808114994239,0.979133927012,0.98219273743,0.981284916201,0.881858625803,0.900195694716,0.894154818325,43.393696083
1650,0.00846559504645,0.0072032602821,0.00804958265848,0.979657761481,0.98219273743,0.98156424581,0.884367245658,0.900195694716,0.894904458599,43.79000992
1660,0.00844995607572,0.00720973316224,0.00804006230754,0.979483149991,0.98219273743,0.981284916201,0.883142715067,0.900195694716,0.893481717011,44.037683205
1670,0.00844698824539,0.00718488665875,0.0080341405952,0.979570455736,0.98219273743,0.981843575419,0.883928571429,0.900195694716,0.896988906498,44.304325299
1680,0.00848293873022,0.00710442162101,0.00810410637862,0.979308538502,0.982541899441,0.98156424581,0.881795511222,0.901960784314,0.894904458599,44.532700602
1690,0.00843997549394,0.00716407016,0.00804972796231,0.979657761481,0.98219273743,0.981284916201,0.884367245658,0.900195694716,0.89381933439,44.754987058
1700,0.00848805641004,0.00724121488297,0.00813061792392,0.978784704034,0.983589385475,0.981005586592,0.87770508304,0.907297830375,0.891373801917,44.969772672
1710,0.00842992936531,0.00714484405857,0.00804784431595,0.979483149991,0.98219273743,0.98156424581,0.883374689826,0.900195694716,0.895238095238,45.182944881
1720,0.0084237124075,0.00715249339707,0.00804455876082,0.979570455736,0.98219273743,0.98156424581,0.883582089552,0.900195694716,0.894568690096,45.408508058
1730,0.00845425618973,0.00713283598079,0.00809983281274,0.979221232757,0.98219273743,0.981843575419,0.88123752495,0.899803536346,0.896,45.817217309
1740,0.0084164652816,0.00715770680748,0.00803216649003,0.979570455736,0.98219273743,0.982122905028,0.883697813121,0.900195694716,0.898089171975,46.034220573
1750,0.00841692897932,0.00715782005204,0.00803055908345,0.979570455736,0.98219273743,0.982122905028,0.883697813121,0.900195694716,0.898089171975,46.272062181
1760,0.00841597294289,0.00715770444004,0.0080321466156,0.979570455736,0.98219273743,0.982122905028,0.883697813121,0.900195694716,0.898089171975,46.491855491
1770,0.00841009621857,0.00715583976946,0.00801139198684,0.979395844247,0.981843575419,0.982122905028,0.882820258193,0.898039215686,0.898089171975,46.750022719
1780,0.00840961402945,0.00717989626796,0.00800527045479,0.979395844247,0.981843575419,0.981843575419,0.882820258193,0.898039215686,0.89666136725,46.983740831
1790,0.00844448335463,0.00712690714065,0.00801784426489,0.979483149991,0.98219273743,0.981284916201,0.883142715067,0.900195694716,0.8928,47.205552681
1800,0.00840629378396,0.00718826161161,0.00801687865851,0.979483149991,0.98219273743,0.981843575419,0.883374689826,0.900195694716,0.89666136725,47.539783672
1810,0.00850368574404,0.00724981563693,0.00809411830167,0.979657761481,0.981843575419,0.981843575419,0.884596334819,0.8984375,0.896988906498,47.759661809
1820,0.00844104262012,0.00719179847876,0.00804484366436,0.979483149991,0.98219273743,0.981005586592,0.88255872064,0.899803536346,0.891373801917,47.972529197
1830,0.00840744002001,0.00717158135607,0.00797587214945,0.979657761481,0.98219273743,0.981843575419,0.884481903818,0.900195694716,0.89666136725,48.191755637
1840,0.00840287043277,0.00712292397517,0.00800693842173,0.979308538502,0.981843575419,0.980726256983,0.881677483774,0.898039215686,0.8896,48.395415848
1850,0.00840276308287,0.00715633550568,0.007987587313,0.979483149991,0.981843575419,0.981005586592,0.883258817685,0.898039215686,0.891373801917,48.605737739
1860,0.00839765378541,0.0071350911594,0.00799158938561,0.979483149991,0.981843575419,0.981005586592,0.882909815645,0.898039215686,0.891373801917,48.811105877
1870,0.00846339366749,0.00721687294961,0.00810718899066,0.978784704034,0.982541899441,0.980726256983,0.877828054299,0.90157480315,0.889245585875,49.023928461
1880,0.00839685498689,0.00717574873736,0.00792056748491,0.979395844247,0.98219273743,0.981843575419,0.882703777336,0.900195694716,0.897314375987,49.378834735
1890,0.00845006379947,0.00718319879875,0.00803215951515,0.978697398289,0.98219273743,0.980726256983,0.876643073812,0.898608349901,0.888888888889,49.585124749
1900,0.00839253885785,0.00710402967452,0.00798460363486,0.979308538502,0.982891061453,0.981005586592,0.88155922039,0.903353057199,0.891025641026,49.792524584
1910,0.00837338086399,0.00714461040289,0.00794845108539,0.979395844247,0.981843575419,0.981284916201,0.882352941176,0.898039215686,0.893141945774,49.998358595
1920,0.00836304181592,0.00711665489365,0.00795546291367,0.979395844247,0.98219273743,0.98156424581,0.882,0.899803536346,0.894568690096,50.319525713
1930,0.00835610407778,0.00714093399659,0.00793475106498,0.979483149991,0.981843575419,0.98156424581,0.883026381284,0.898039215686,0.894904458599,50.527352547
1940,0.0083964432629,0.00711108250053,0.00791457772907,0.979395844247,0.98219273743,0.981843575419,0.882820258193,0.900195694716,0.89666136725,50.73018605
1950,0.00835819625159,0.00713508763488,0.00793676779501,0.979395844247,0.981843575419,0.98156424581,0.882470119522,0.898039215686,0.894904458599,50.935580292
1960,0.00839410727033,0.00717950350602,0.00796042253251,0.979919678715,0.982541899441,0.98156424581,0.886699507389,0.902723735409,0.895569620253,51.172805703
1970,0.00834901511377,0.00713578029547,0.00793809645763,0.979657761481,0.981843575419,0.98156424581,0.884252359662,0.898039215686,0.894904458599,51.398290426
1980,0.00834359213444,0.00713417651717,0.00792692010192,0.979570455736,0.981843575419,0.98156424581,0.883813306852,0.898039215686,0.894904458599,51.617970278
1990,0.00834307163502,0.00713394531152,0.00793439116234,0.979483149991,0.981843575419,0.982402234637,0.883258817685,0.898039215686,0.899841017488,51.859600327
2000,0.00861170251141,0.00753022461001,0.00804263338252,0.979046621268,0.982891061453,0.981843575419,0.883720930233,0.905222437137,0.899224806202,52.276421618
2010,0.00851682713576,0.0071931214686,0.00810179310916,0.979308538502,0.98219273743,0.980726256983,0.88144072036,0.899408284024,0.889245585875,52.570004796
2020,0.00833285271071,0.00713212630637,0.00791192623068,0.979745067225,0.981843575419,0.981843575419,0.88503468781,0.898039215686,0.89666136725,52.796543809
2030,0.00832427488496,0.00713061072863,0.00792856528486,0.979657761481,0.981843575419,0.981843575419,0.884367245658,0.898039215686,0.89666136725,53.022628469
2040,0.00832046811921,0.00710698925885,0.00795023319271,0.979919678715,0.981843575419,0.981284916201,0.885343968096,0.898039215686,0.893141945774,53.249270481
2050,0.00834187024027,0.00709267609695,0.00800139522491,0.979919678715,0.981843575419,0.981284916201,0.885458167331,0.898039215686,0.893141945774,53.463227041
2060,0.00833260335941,0.00719473282709,0.00791855907878,0.97983237297,0.981494413408,0.981843575419,0.885359801489,0.896281800391,0.89666136725,53.757262403
2070,0.00830565426183,0.00720702777899,0.00800476784389,0.97983237297,0.98219273743,0.98156424581,0.88558692422,0.900195694716,0.895569620253,53.977202779
2080,0.00866322655715,0.00739985229298,0.00831517191901,0.978260869565,0.981843575419,0.980446927374,0.87171561051,0.894308943089,0.885245901639,54.186709249
2090,0.00829578953139,0.00711699974487,0.00797183879144,0.98000698446,0.981843575419,0.981284916201,0.886126305321,0.898039215686,0.893481717011,54.415555661
2100,0.00828078416373,0.00716691283706,0.00794567594148,0.97983237297,0.981843575419,0.98156424581,0.885245901639,0.898039215686,0.895238095238,54.711633637
2110,0.00828135842456,0.00717143495265,0.00794444214314,0.97983237297,0.981843575419,0.98156424581,0.885245901639,0.898039215686,0.895238095238,54.933704699
2120,0.00827900680454,0.0071467650628,0.0079430152561,0.97983237297,0.981843575419,0.981005586592,0.885017421603,0.898039215686,0.891719745223,55.159733747
2130,0.0082971916646,0.00707836087087,0.00796119757015,0.979308538502,0.982541899441,0.98156424581,0.881203007519,0.901185770751,0.894568690096,55.385255549
2140,0.0084899189876,0.00743876846206,0.00816823079144,0.97983237297,0.983589385475,0.979608938547,0.888351860802,0.909441233141,0.887171561051,55.595520988
2150,0.0082620830865,0.00716438299025,0.00792620770234,0.97983237297,0.981843575419,0.981005586592,0.884672990514,0.898039215686,0.891373801917,55.838092332
2160,0.00826113815592,0.00715166005765,0.0079346939429,0.97983237297,0.981843575419,0.981284916201,0.885017421603,0.898039215686,0.893141945774,56.055614938
2170,0.00830446815935,0.00719678233391,0.00801569555465,0.979570455736,0.982541899441,0.981005586592,0.884158415842,0.90234375,0.892744479495,56.268682045
2180,0.00827780147646,0.00719774895126,0.00790555892972,0.97983237297,0.981843575419,0.98156424581,0.885131775236,0.898039215686,0.894904458599,56.477332097
2190,0.00825388427538,0.00712893942987,0.00797969718512,0.97983237297,0.981843575419,0.981843575419,0.88490284006,0.898039215686,0.896,56.684619791
2200,0.00825689533511,0.00712821334907,0.00798311748878,0.979745067225,0.981145251397,0.981843575419,0.884462151394,0.893700787402,0.896,56.891080721
2210,0.00825196075259,0.00716651177173,0.00797122714433,0.97983237297,0.981843575419,0.981843575419,0.885359801489,0.898039215686,0.89666136725,57.245700762
2220,0.00824698917168,0.00714131060387,0.00798105945741,0.97983237297,0.981843575419,0.981843575419,0.885359801489,0.898039215686,0.89666136725,57.453732669
2230,0.00824693756247,0.00716456206079,0.00800344627175,0.979395844247,0.981843575419,0.982122905028,0.882587064677,0.897637795276,0.897763578275,57.672261342
2240,0.00824514568245,0.0071651516187,0.00801087676354,0.979483149991,0.981494413408,0.982402234637,0.883142715067,0.895874263261,0.8995215311,57.920166319
2250,0.00825568454544,0.00716558249464,0.00801315739513,0.979395844247,0.981494413408,0.982402234637,0.882703777336,0.895874263261,0.899841017488,58.244824213
2260,0.00824366481634,0.00714870438575,0.00800860915045,0.979483149991,0.981494413408,0.982122905028,0.883142715067,0.895874263261,0.897763578275,58.466810006
2270,0.00824189946882,0.00714353634847,0.00801725902137,0.979483149991,0.981494413408,0.981843575419,0.883142715067,0.895874263261,0.896331738437,58.706709489
2280,0.00826691375405,0.00714905994748,0.00803928521461,0.979483149991,0.98219273743,0.981284916201,0.882793017456,0.899408284024,0.893141945774,58.937586925
2290,0.00822115277282,0.00713460767006,0.00804225090804,0.97983237297,0.981494413408,0.98156424581,0.885245901639,0.895874263261,0.894904458599,59.173948575
2300,0.00824752523362,0.00717862927219,0.0080430498369,0.979570455736,0.981494413408,0.982122905028,0.884158415842,0.895874263261,0.898412698413,59.386261612
2310,0.00821417124341,0.00712342732036,0.00800432495459,0.97983237297,0.981843575419,0.98156424581,0.885359801489,0.898039215686,0.894904458599,59.599113215
2320,0.00821262375062,0.00712240831184,0.00800231423591,0.979919678715,0.981843575419,0.98156424581,0.885799404171,0.898039215686,0.894904458599,59.810918376
2330,0.0082047138672,0.00713140502149,0.00801380111105,0.979919678715,0.981494413408,0.98156424581,0.885799404171,0.895874263261,0.894904458599,60.031885327
2340,0.00820443288447,0.00711389486117,0.00799793225655,0.98000698446,0.981494413408,0.98156424581,0.886239443616,0.895874263261,0.894904458599,60.235690567
2350,0.00819360757345,0.00713121779202,0.00800726120444,0.98000698446,0.981494413408,0.98156424581,0.886239443616,0.895874263261,0.894904458599,60.569480673
2360,0.00819271016704,0.00712989776664,0.0080063090013,0.979919678715,0.981494413408,0.98156424581,0.885799404171,0.895874263261,0.894904458599,60.774401311
2370,0.00821654240428,0.00709356982329,0.00807334142998,0.979657761481,0.981145251397,0.982402234637,0.884021901444,0.893700787402,0.8992,60.975136114
2380,0.00825948494958,0.00728154904275,0.00801971569228,0.980530818928,0.981843575419,0.981005586592,0.890093642188,0.898832684825,0.892063492063,61.184478388
2390,0.00819642689255,0.00709301891479,0.008001349734,0.97983237297,0.981494413408,0.98156424581,0.885245901639,0.895874263261,0.894904458599,61.387296325
2400,0.00818163239802,0.00710899984712,0.00805214292099,0.979919678715,0.981494413408,0.981843575419,0.885799404171,0.895874263261,0.896331738437,61.600819131
2410,0.00819102277509,0.00712085710876,0.00802877791993,0.98000698446,0.981843575419,0.981005586592,0.886689757546,0.898039215686,0.892405063291,61.819384485
2420,0.00818159215437,0.00710861198569,0.00805077949632,0.979919678715,0.981494413408,0.981843575419,0.885799404171,0.895874263261,0.896331738437,62.032382148
2430,0.00818422643451,0.00710306609919,0.00809361992138,0.979919678715,0.981843575419,0.98156424581,0.885458167331,0.897637795276,0.894904458599,62.251318425
2440,0.00817774719768,0.00715000642194,0.00806999908535,0.979919678715,0.981843575419,0.980726256983,0.885685884692,0.898039215686,0.890302066773,62.635259619
2450,0.00817253866973,0.00711130525712,0.00804326344827,0.97983237297,0.981843575419,0.981284916201,0.885245901639,0.898039215686,0.893481717011,62.859966474
2460,0.0081681253384,0.00713714238427,0.00803031564729,0.980094290204,0.981843575419,0.981005586592,0.88679245283,0.898039215686,0.891719745223,63.080925878
2470,0.00821190040525,0.00729358541463,0.00803204948338,0.980530818928,0.98219273743,0.980446927374,0.890093642188,0.900970873786,0.888888888889,63.299680869
2480,0.00816331321314,0.00712366996244,0.00802226026041,0.980094290204,0.98219273743,0.981005586592,0.88679245283,0.900195694716,0.891719745223,63.6556904
2490,0.00816587082903,0.00715206491412,0.00805369655356,0.980094290204,0.981843575419,0.981005586592,0.887128712871,0.898039215686,0.892063492063,63.886497417
2500,0.00816551896447,0.00707986585394,0.00804298163319,0.98000698446,0.981843575419,0.981843575419,0.885899352267,0.897637795276,0.896,64.109377512
2510,0.00888857931451,0.00767618206468,0.00898402218617,0.977300506373,0.981494413408,0.979329608939,0.863445378151,0.890721649485,0.876254180602,64.34688722
2520,0.00814808195454,0.00711751343883,0.00805374259315,0.980268901694,0.98219273743,0.981284916201,0.887562189055,0.899803536346,0.8928,64.685073108
2530,0.00813046516231,0.00711973879119,0.0080368781307,0.979919678715,0.981843575419,0.981005586592,0.885912698413,0.898039215686,0.891719745223,64.908695724
2540,0.00814727854657,0.00709754604473,0.00803500209251,0.980181595949,0.981843575419,0.98156424581,0.887790410282,0.898039215686,0.895238095238,65.1226162
2550,0.00812199980964,0.00710984663412,0.00801749541312,0.980181595949,0.98219273743,0.980726256983,0.887120835405,0.899803536346,0.890302066773,65.338724573
2560,0.00812165832521,0.00714426610541,0.00795188091832,0.980443513183,0.98219273743,0.980726256983,0.889328063241,0.900195694716,0.890302066773,65.54203276
2570,0.00811170015547,0.0071521258825,0.00796836254256,0.980443513183,0.98219273743,0.980726256983,0.88921859545,0.900195694716,0.890302066773,65.756499195
2580,0.00811258561812,0.00712131040677,0.00795260902163,0.980268901694,0.98219273743,0.980167597765,0.888229475767,0.900195694716,0.887835703002,65.967850794
2590,0.00810431189229,0.0070707289861,0.00798479507886,0.980356207438,0.98219273743,0.980167597765,0.88811536549,0.899803536346,0.887480190174,66.270132783
2600,0.00810658975663,0.00715814637709,0.00793180137616,0.980618124673,0.98219273743,0.980167597765,0.890424481737,0.900584795322,0.887480190174,66.502348497
2610,0.00812066668446,0.00712657696741,0.0079410828541,0.980181595949,0.98219273743,0.981284916201,0.887120835405,0.899803536346,0.893481717011,66.732874617
2620,0.00823139850431,0.00713005992403,0.00806807280081,0.97983237297,0.98219273743,0.980167597765,0.88490284006,0.899408284024,0.886762360447,66.948265773
2630,0.00808125323117,0.00712195600369,0.00792686876532,0.980443513183,0.981843575419,0.981005586592,0.889108910891,0.898039215686,0.892744479495,67.17016033
2640,0.00808875068155,0.00707753033975,0.00796518209897,0.97983237297,0.98219273743,0.980726256983,0.884672990514,0.899803536346,0.890302066773,67.398611494
2650,0.00808004325715,0.00711053264918,0.00791142825326,0.980530818928,0.981843575419,0.980726256983,0.889439762023,0.898039215686,0.890995260664,67.619268782
2660,0.00809543780169,0.00711878265324,0.00793438143061,0.980530818928,0.981843575419,0.981005586592,0.889439762023,0.898039215686,0.892744479495,67.831038976
2670,0.00811603870991,0.00712049455295,0.00780300008897,0.980181595949,0.98219273743,0.981005586592,0.888011840158,0.900195694716,0.8934169279,68.047978301
2680,0.00807778721777,0.00710316485464,0.00791948490892,0.980443513183,0.981843575419,0.980446927374,0.88899900892,0.898039215686,0.889589905363,68.25334539
2690,0.00808787105629,0.0071079286782,0.00790334729255,0.980530818928,0.981843575419,0.981005586592,0.889658584859,0.898039215686,0.892744479495,68.585159351
2700,0.00807284747139,0.00710456599483,0.00789365210654,0.980268901694,0.982541899441,0.980167597765,0.888229475767,0.90234375,0.888540031397,68.794054889
2710,0.00901808173765,0.00780937837458,0.00885823114595,0.977213200629,0.980796089385,0.979329608939,0.862559241706,0.886597938144,0.876254180602,69.032350074
2720,0.00817082631341,0.00712290249483,0.00810302697843,0.979570455736,0.982541899441,0.979888268156,0.881937436932,0.900793650794,0.883870967742,69.240396088
2730,0.0080663416478,0.00713107855569,0.0078964228449,0.980356207438,0.981843575419,0.980446927374,0.888668975755,0.898039215686,0.889937106918,69.538765075
2740,0.00809930318343,0.00715850961473,0.00793898352338,0.980094290204,0.981843575419,0.980167597765,0.887128712871,0.898039215686,0.888540031397,69.759034018
2750,0.00806399471645,0.00711930439223,0.00790948238692,0.980530818928,0.981843575419,0.980167597765,0.889658584859,0.898039215686,0.888540031397,69.961381232
2760,0.00816131223724,0.00712804462049,0.00798829517281,0.979395844247,0.982541899441,0.981005586592,0.881526104418,0.900793650794,0.891373801917,70.17480617
2770,0.00808926305284,0.00719634981013,0.00788276711252,0.980530818928,0.982541899441,0.980167597765,0.890417690418,0.902723735409,0.889235569423,70.38660564
2780,0.00806303892792,0.00710929624838,0.00792427558704,0.980443513183,0.981843575419,0.980446927374,0.889108910891,0.898039215686,0.889937106918,70.598340494
2790,0.00806171003417,0.00711731275412,0.00793035717717,0.980443513183,0.981843575419,0.980446927374,0.889108910891,0.898039215686,0.889937106918,70.815128036
2800,0.00806494594228,0.00713130060099,0.00793447365767,0.980530818928,0.981843575419,0.980446927374,0.889658584859,0.898039215686,0.889937106918,71.028558559
2810,0.00806455496246,0.00715473625396,0.00790272572306,0.980268901694,0.982891061453,0.980446927374,0.888669950739,0.904483430799,0.890282131661,71.244840998
2820,0.00805665038568,0.00710961820891,0.00795565841521,0.980530818928,0.981843575419,0.980446927374,0.889439762023,0.898039215686,0.888535031847,71.457829736
2830,0.00804564886133,0.00712115300797,0.00794107135417,0.980356207438,0.982541899441,0.980167597765,0.888779041028,0.90234375,0.888888888889,71.663850485
2840,0.00808704743964,0.00720419356471,0.00804887560896,0.980094290204,0.981494413408,0.980726256983,0.886454183267,0.895874263261,0.890649762282,71.879533523
2850,0.00804541373932,0.00707364072824,0.00798356792183,0.980443513183,0.982541899441,0.980167597765,0.88921859545,0.90234375,0.888540031397,72.106464349
2860,0.00810901734776,0.00724196796367,0.00790578636576,0.980705430417,0.982541899441,0.979888268156,0.891507118311,0.902723735409,0.8875,72.460141652
2870,0.00887371001565,0.00754280012226,0.00893781652933,0.97834817531,0.981843575419,0.978491620112,0.871101871102,0.894308943089,0.872727272727,72.672482449
2880,0.00802890205244,0.00704172904907,0.0079244846148,0.980618124673,0.982541899441,0.979608938547,0.890207715134,0.90234375,0.885039370079,72.876597045
2890,0.00804122116836,0.00706556398688,0.00798022294542,0.980443513183,0.982541899441,0.979608938547,0.88921859545,0.90234375,0.88467614534,73.079463007
2900,0.00802727599743,0.00702520571983,0.00794178254544,0.980530818928,0.982541899441,0.979608938547,0.889658584859,0.90234375,0.88467614534,73.301100792
2910,0.00802699776691,0.00702456679228,0.00794111002315,0.980530818928,0.982541899441,0.979608938547,0.889658584859,0.90234375,0.88467614534,73.520233609
2920,0.00802651076597,0.00702453663975,0.00794103725566,0.980530818928,0.982541899441,0.979608938547,0.889658584859,0.90234375,0.88467614534,73.765439635
2930,0.00809546868663,0.00696871011141,0.00807662538209,0.979745067225,0.982891061453,0.980167597765,0.884,0.90297029703,0.8864,73.998981777
2940,0.00804126030891,0.00700062048999,0.00800760856885,0.980094290204,0.982541899441,0.980726256983,0.886340977069,0.90157480315,0.890302066773,74.264607471
2950,0.00820890507763,0.00743105569792,0.00793362265548,0.980268901694,0.981494413408,0.979888268156,0.8896484375,0.897880539499,0.888544891641,74.483026635
2960,0.00802400483028,0.00702713418443,0.00793215311407,0.980530818928,0.982541899441,0.979608938547,0.889658584859,0.90234375,0.885039370079,74.71156403
2970,0.00802603336999,0.00704883915421,0.00791474361069,0.980530818928,0.982541899441,0.979608938547,0.889658584859,0.90234375,0.885039370079,75.006208802
2980,0.00802387348535,0.00703475701916,0.00792653556755,0.980530818928,0.982541899441,0.979608938547,0.889658584859,0.90234375,0.885039370079,75.336047836
2990,0.00802075854478,0.00703439680933,0.00792268198914,0.980530818928,0.982541899441,0.979888268156,0.889658584859,0.90234375,0.88643533123,75.609398041
3000,0.00802090741242,0.00703411133599,0.00792221983041,0.980530818928,0.982541899441,0.979888268156,0.889658584859,0.90234375,0.88643533123,75.855726792
3010,0.00801995052132,0.00701726030621,0.00793521448325,0.980443513183,0.98219273743,0.979608938547,0.889108910891,0.900195694716,0.88467614534,76.14535182
3020,0.00801866363041,0.00702691458813,0.00793087456543,0.980530818928,0.982541899441,0.979888268156,0.889658584859,0.90234375,0.88643533123,76.36532411
3030,0.00803833250402,0.00701169972777,0.00799297068076,0.98000698446,0.98219273743,0.980726256983,0.885899352267,0.899408284024,0.88995215311,76.603750357
3040,0.00801927782543,0.0070127980179,0.00791718508116,0.980530818928,0.982541899441,0.979888268156,0.889658584859,0.90234375,0.88643533123,76.851831097
3050,0.00801919991758,0.00704692803305,0.00792168085479,0.980443513183,0.982541899441,0.979608938547,0.88921859545,0.90234375,0.885039370079,77.099777485
3060,0.00802116084646,0.00700948735823,0.00792805597221,0.980618124673,0.982541899441,0.979888268156,0.890207715134,0.90234375,0.88643533123,77.396451698
3070,0.00801449806892,0.00702121497627,0.00792014413464,0.980443513183,0.982541899441,0.979888268156,0.88921859545,0.90234375,0.88643533123,77.847239148
3080,0.00803251564002,0.00697755203917,0.00795098895749,0.980705430417,0.982541899441,0.981005586592,0.890431333664,0.90234375,0.892063492063,78.098087824
3090,0.00801388155394,0.00703401941252,0.00790920865577,0.980530818928,0.982541899441,0.979888268156,0.88987654321,0.90234375,0.88679245283,78.32251146
3100,0.00801005519453,0.00702690170199,0.00792179731408,0.980530818928,0.982541899441,0.979608938547,0.88987654321,0.90234375,0.885400313972,78.556567224
3110,0.00800920702702,0.00703001686825,0.00792193486507,0.980530818928,0.982541899441,0.979608938547,0.88987654321,0.90234375,0.885400313972,78.785800844
3120,0.00800670997163,0.00702239087761,0.00791827779851,0.980530818928,0.982541899441,0.979608938547,0.88987654321,0.90234375,0.885400313972,79.002793626
3130,0.00800716867523,0.00701944045059,0.00800156702727,0.980356207438,0.98219273743,0.979888268156,0.888558692422,0.900195694716,0.886075949367,79.313321368
3140,0.00800422838505,0.00703795277709,0.00797330905597,0.980705430417,0.982541899441,0.980167597765,0.890756302521,0.90234375,0.888188976378,79.550613482
3150,0.00812702188356,0.00707956584439,0.00812756918758,0.980181595949,0.98219273743,0.980446927374,0.887120835405,0.899408284024,0.888888888889,79.795873203
3160,0.00801014627327,0.00702588014212,0.00798016398274,0.980792736162,0.982541899441,0.980167597765,0.891196834817,0.90234375,0.888188976378,80.047597338
3170,0.00800351190336,0.00706675404639,0.0079590508699,0.980618124673,0.982541899441,0.979888268156,0.890316205534,0.90234375,0.88679245283,80.279846405
3180,0.0080030587862,0.00703821615673,0.00798583700976,0.980618124673,0.982541899441,0.980167597765,0.890316205534,0.90234375,0.888188976378,80.529456628
3190,0.00800270955676,0.00704037472101,0.00799422049991,0.980618124673,0.982541899441,0.979888268156,0.890316205534,0.90234375,0.88643533123,80.909232074
3200,0.00801329850705,0.00706313661044,0.00800108754947,0.980792736162,0.982541899441,0.979888268156,0.891089108911,0.90234375,0.886075949367,81.148185013
3210,0.00800204151025,0.00703438609217,0.00799330645284,0.980618124673,0.982541899441,0.980167597765,0.890316205534,0.90234375,0.888188976378,81.430322507
3220,0.008004381086,0.00704465913786,0.00797371642333,0.980618124673,0.982541899441,0.980167597765,0.890316205534,0.90234375,0.888188976378,81.72435922
3230,0.00800145148714,0.00703680146768,0.00799428024067,0.980618124673,0.982541899441,0.980167597765,0.890316205534,0.90234375,0.888188976378,81.964492022
3240,0.00803652174533,0.00706852281218,0.00805742391441,0.98000698446,0.98219273743,0.981005586592,0.885899352267,0.899408284024,0.891373801917,82.192821811
3250,0.00800348890239,0.00707391680321,0.00799246516743,0.980792736162,0.98219273743,0.979888268156,0.891411648569,0.900584795322,0.88679245283,82.425058863
3260,0.00806835055983,0.00706576289097,0.00787126779208,0.980618124673,0.98219273743,0.980726256983,0.890424481737,0.900584795322,0.892018779343,82.665661721
3270,0.00800947566801,0.00707286730405,0.00802550505754,0.980530818928,0.982541899441,0.979888268156,0.889658584859,0.90234375,0.88643533123,82.904266782
3280,0.00799950421657,0.00705664524596,0.00799814381211,0.980618124673,0.98219273743,0.980167597765,0.890316205534,0.900584795322,0.888188976378,83.267547346
3290,0.00799994645992,0.00704794485945,0.00800565293898,0.980443513183,0.98219273743,0.979888268156,0.88921859545,0.900584795322,0.88643533123,83.482799302
3300,0.00803118640061,0.00699821958297,0.00807986325545,0.979919678715,0.982541899441,0.980167597765,0.885572139303,0.90157480315,0.887122416534,83.73960063
3310,0.0080006105503,0.0070485958479,0.00799329782588,0.980618124673,0.98219273743,0.980167597765,0.890316205534,0.900584795322,0.888188976378,83.962246237
3320,0.00805946640906,0.00718689395409,0.00796018463195,0.980530818928,0.98219273743,0.979888268156,0.889985199803,0.900970873786,0.8875,84.183586476
3330,0.00800046223708,0.00705128361972,0.00800363778105,0.980443513183,0.98219273743,0.980167597765,0.88921859545,0.900584795322,0.888188976378,84.39437589
3340,0.00800880662886,0.00704811928357,0.00802738515368,0.980181595949,0.981494413408,0.980167597765,0.887456618741,0.896281800391,0.887480190174,84.596994775
3350,0.00799933818062,0.00705715524199,0.00799506122733,0.980618124673,0.98219273743,0.980167597765,0.890316205534,0.900584795322,0.888188976378,84.805753771
3360,0.00800749772568,0.00702604141924,0.00803062667037,0.979919678715,0.98219273743,0.980167597765,0.885572139303,0.899803536346,0.887480190174,85.021096415
3370,0.00800088156769,0.00708061138471,0.00799240982697,0.980705430417,0.98219273743,0.980167597765,0.890864197531,0.900584795322,0.888188976378,85.369009158
3380,0.0080298710394,0.00710989186837,0.0079562800809,0.980618124673,0.982541899441,0.979888268156,0.890640394089,0.902723735409,0.887147335423,85.613714331
3390,0.00807771317009,0.00700706239109,0.00804981530656,0.980356207438,0.983240223464,0.981005586592,0.888337468983,0.905882352941,0.891719745223,85.843281118
3400,0.00802549578518,0.00708359739941,0.0080551968884,0.980530818928,0.98219273743,0.979329608939,0.889767671775,0.900584795322,0.883280757098,86.085242286
3410,0.00818686666116,0.00708371910042,0.00827087101357,0.979919678715,0.982891061453,0.979608938547,0.883130081301,0.901408450704,0.881685575365,86.317868746
3420,0.00799654669745,0.00704093879822,0.00799560738277,0.980618124673,0.98219273743,0.980167597765,0.890316205534,0.900584795322,0.888188976378,86.561169413
3430,0.00799489023967,0.00705826755009,0.00798354831767,0.980705430417,0.98219273743,0.980167597765,0.890864197531,0.900584795322,0.888188976378,86.780081463
3440,0.00799349483684,0.00705894356847,0.0079900109746,0.980705430417,0.98219273743,0.980167597765,0.890864197531,0.900584795322,0.888188976378,87.047420802
3450,0.00799223427006,0.00705456196571,0.00793574851332,0.980705430417,0.98219273743,0.979888268156,0.890864197531,0.900584795322,0.88679245283,87.295628538
3460,0.00799143105101,0.00706270828499,0.0079352207188,0.980705430417,0.98219273743,0.979888268156,0.890864197531,0.900584795322,0.88679245283,87.545494915
3470,0.00801595835274,0.00702010064741,0.00793220723684,0.980356207438,0.981843575419,0.979329608939,0.888558692422,0.8984375,0.883280757098,87.832123263
3480,0.00799049145698,0.00706980850354,0.0079517660453,0.980618124673,0.98219273743,0.979888268156,0.890316205534,0.900584795322,0.88679245283,88.110247997
3490,0.00799173416833,0.00707196189382,0.00795971624487,0.980618124673,0.982541899441,0.980446927374,0.890207715134,0.90234375,0.889589905363,88.518969053
3500,0.00798938204275,0.00706858563441,0.00794747929524,0.980618124673,0.98219273743,0.980167597765,0.890316205534,0.900584795322,0.888188976378,88.750943927
3510,0.00799090724888,0.00704427141361,0.00797390465939,0.980443513183,0.981843575419,0.979888268156,0.889108910891,0.8984375,0.886075949367,88.993581659
3520,0.00799209091092,0.00708004321578,0.00797118303804,0.980618124673,0.98219273743,0.979608938547,0.890207715134,0.900584795322,0.885039370079,89.233589444
3530,0.00798352007586,0.00706069918922,0.00792657819926,0.980880041907,0.98219273743,0.980167597765,0.891637803068,0.900584795322,0.887480190174,89.658937019
3540,0.00805203493628,0.00725240264697,0.00788583098866,0.980618124673,0.98219273743,0.980167597765,0.890962671906,0.900970873786,0.888540031397,89.908623286
3550,0.00798203340583,0.00706176698332,0.00793743987696,0.980880041907,0.98219273743,0.980167597765,0.891637803068,0.900584795322,0.887480190174,90.190827548
3560,0.00798046135049,0.00706647541187,0.0079364856051,0.980792736162,0.98219273743,0.980167597765,0.891196834817,0.900584795322,0.887480190174,90.451661593
3570,0.00798064278116,0.00703428836803,0.00796409715122,0.980705430417,0.98219273743,0.979608938547,0.890864197531,0.900584795322,0.885039370079,90.699752012
3580,0.00798341360437,0.00709227850454,0.00791058595268,0.980880041907,0.98219273743,0.980167597765,0.891851851852,0.900584795322,0.888188976378,91.122838975
3590,0.00799713547718,0.00715036008387,0.00788517283538,0.980880041907,0.98219273743,0.980446927374,0.892065056678,0.900970873786,0.889589905363,91.370404176
3600,0.00798033299173,0.00706771064035,0.00793685098967,0.980792736162,0.98219273743,0.980446927374,0.891196834817,0.900584795322,0.889240506329,91.605218801
3610,0.00798001293353,0.00707159144978,0.00793368688884,0.980792736162,0.98219273743,0.980446927374,0.891196834817,0.900584795322,0.889240506329,91.877289297
3620,0.00797938436422,0.0070771484781,0.00792659038876,0.980792736162,0.98219273743,0.980446927374,0.891196834817,0.900584795322,0.889937106918,92.126647953
3630,0.00797890103502,0.00708269859058,0.00791859885074,0.980880041907,0.98219273743,0.980446927374,0.891744933267,0.900584795322,0.889589905363,92.350965887
3640,0.00801509062107,0.0070101179536,0.00806649087195,0.980530818928,0.981843575419,0.980167597765,0.889220069548,0.898039215686,0.887480190174,92.564801124
3650,0.00797891756277,0.00706742912263,0.00791558723825,0.980705430417,0.98219273743,0.980446927374,0.890971879625,0.900584795322,0.889937106918,92.804479776
3660,0.00798511572521,0.0070860885271,0.00789976050354,0.980618124673,0.982541899441,0.979329608939,0.890640394089,0.902723735409,0.884012539185,93.026419746
3670,0.00802202520623,0.00708505266498,0.00800389202684,0.980880041907,0.981843575419,0.979888268156,0.891422905305,0.8984375,0.886075949367,93.259264258
3680,0.00802783055729,0.00710310455778,0.00787226355226,0.980618124673,0.98219273743,0.980726256983,0.890099009901,0.900195694716,0.890995260664,93.473469974
3690,0.00796552493654,0.00706907855014,0.00794248992931,0.980792736162,0.98219273743,0.980726256983,0.891304347826,0.900584795322,0.891338582677,93.686302438
3700,0.00813994086863,0.00709710753228,0.00781923990258,0.980268901694,0.98219273743,0.981005586592,0.887450199203,0.899803536346,0.892063492063,93.924968236
3710,0.00802944549991,0.00724147291361,0.00811897771155,0.980967347651,0.98219273743,0.979888268156,0.892610837438,0.900584795322,0.88679245283,94.16292317
3720,0.0079955850464,0.00703156567899,0.00798877334765,0.980181595949,0.981843575419,0.980726256983,0.886669995007,0.897637795276,0.88995215311,94.434159281
3730,0.00795987690237,0.00702839435724,0.00795503565427,0.980618124673,0.98219273743,0.980167597765,0.890207715134,0.900584795322,0.888188976378,94.673031406
3740,0.00796118284852,0.00704981900984,0.00793854134165,0.980443513183,0.982541899441,0.980167597765,0.889328063241,0.902723735409,0.888188976378,94.945804294
3750,0.007969966487,0.00705505766063,0.00791926002125,0.980618124673,0.982541899441,0.979888268156,0.890532544379,0.902723735409,0.887147335423,95.16693831
3760,0.00796061091347,0.0070161972997,0.00795361669865,0.980618124673,0.98219273743,0.980167597765,0.890207715134,0.900584795322,0.887835703002,95.412803333
3770,0.00798412168344,0.0070620753111,0.00796121245205,0.980705430417,0.98219273743,0.979888268156,0.890864197531,0.900584795322,0.88679245283,95.667894646
3780,0.00795472451141,0.00701903527891,0.00794870256528,0.980618124673,0.98219273743,0.979888268156,0.890207715134,0.900584795322,0.88679245283,95.916346332
3790,0.00807230768594,0.0071890209307,0.00798047139,0.980443513183,0.982541899441,0.979888268156,0.889872173058,0.903100775194,0.88679245283,96.241068571
3800,0.00795325613841,0.00701118636547,0.00794961195641,0.980618124673,0.982541899441,0.979888268156,0.890207715134,0.902723735409,0.88679245283,96.499888131
3810,0.00797804590091,0.00701839493274,0.00795791759759,0.980618124673,0.982541899441,0.979888268156,0.890207715134,0.902723735409,0.88679245283,96.735765878
3820,0.00795342719233,0.00701879956606,0.00795237053298,0.980705430417,0.982541899441,0.979888268156,0.890756302521,0.902723735409,0.88679245283,96.979411562
3830,0.0079450390681,0.00709859176566,0.00793704197293,0.980880041907,0.982541899441,0.979608938547,0.892277422528,0.903100775194,0.885400313972,97.233316536
3840,0.00794331486364,0.00706007116353,0.00793245653272,0.980792736162,0.98219273743,0.980446927374,0.891411648569,0.900970873786,0.889240506329,97.521387432
3850,0.00794154233241,0.00709952421271,0.0079556761811,0.980792736162,0.98219273743,0.980446927374,0.891625615764,0.900970873786,0.889937106918,97.739660407
3860,0.00793858254336,0.0070748032217,0.00797517254101,0.980880041907,0.982541899441,0.980167597765,0.891958559447,0.902723735409,0.888188976378,97.962211652
3870,0.00799353086435,0.00703382575544,0.00799710795718,0.980618124673,0.983240223464,0.980726256983,0.891069676153,0.906976744186,0.891679748823,98.175367119
3880,0.00798097793401,0.00712067436439,0.00793495066966,0.980705430417,0.982541899441,0.980167597765,0.891186607582,0.902723735409,0.888188976378,98.411728888
3890,0.00793548547428,0.00705009705488,0.00797948725562,0.980705430417,0.982541899441,0.979888268156,0.890971879625,0.902723735409,0.88643533123,98.625254814
3900,0.0079351149923,0.00705314085159,0.00798248595538,0.980618124673,0.982541899441,0.979888268156,0.890532544379,0.902723735409,0.88643533123,98.843620413
3910,0.00793494017457,0.00704736593994,0.00796628299322,0.980618124673,0.982541899441,0.979888268156,0.890532544379,0.902723735409,0.88643533123,99.07489198
3920,0.00794559188808,0.00700033497635,0.00800208538084,0.980618124673,0.98219273743,0.979888268156,0.890207715134,0.900584795322,0.886075949367,99.301614061
3930,0.00793374494741,0.00706013156687,0.00797829717695,0.980618124673,0.982541899441,0.980446927374,0.890532544379,0.902723735409,0.889589905363,99.661192847
3940,0.00796791354768,0.00701449993866,0.00796468469782,0.980792736162,0.983240223464,0.981005586592,0.891304347826,0.906614785992,0.892744479495,99.878640101
3950,0.00793721778094,0.00704129629599,0.00797179179656,0.980618124673,0.982541899441,0.980446927374,0.890424481737,0.902723735409,0.889240506329,100.091844306
3960,0.00794798802426,0.00708322064651,0.00797356785917,0.980880041907,0.98219273743,0.980446927374,0.892065056678,0.900970873786,0.889589905363,100.304259787
3970,0.00806069463155,0.00726748602951,0.00800633921673,0.980530818928,0.981843575419,0.980446927374,0.890525282278,0.899224806202,0.889937106918,100.523709632
3980,0.00804761262069,0.00718923647565,0.00803555694116,0.980967347651,0.98219273743,0.981843575419,0.892610837438,0.900970873786,0.897314375987,100.751630685
3990,0.00796484359483,0.00701572166712,0.00797334456038,0.980705430417,0.982891061453,0.981284916201,0.890539871223,0.904483430799,0.893141945774,100.971534393
4000,0.00793023807421,0.00704010278947,0.00797641718911,0.980792736162,0.982541899441,0.980726256983,0.891411648569,0.902723735409,0.890995260664,101.192575319
4010,0.00794293363775,0.00706300408228,0.00797072014748,0.980705430417,0.982541899441,0.980446927374,0.890971879625,0.902723735409,0.889589905363,101.405659926
4020,0.00793095247943,0.00703056692037,0.00798180924785,0.980792736162,0.982541899441,0.980726256983,0.891304347826,0.902723735409,0.890995260664,101.627489724
4030,0.00793098441488,0.00710154175939,0.00797529455824,0.980705430417,0.98219273743,0.980446927374,0.891293654697,0.900970873786,0.889937106918,101.858716783
4040,0.00793410189103,0.00705696978815,0.0080548475746,0.980792736162,0.982541899441,0.979888268156,0.891411648569,0.902723735409,0.88643533123,102.085634566
4050,0.00792567723853,0.00705188439862,0.00800167749138,0.980705430417,0.982541899441,0.980446927374,0.890648193963,0.902723735409,0.889589905363,102.310187872
4060,0.00924236898221,0.00880171147796,0.00865093408563,0.977387812118,0.978701117318,0.977653631285,0.876372315036,0.885553470919,0.877675840979,102.5476128
4070,0.00798354619972,0.00702677901546,0.00811382161803,0.97983237297,0.982541899441,0.979888268156,0.884210526316,0.901185770751,0.88424437299,102.777265325
4080,0.00791664256999,0.00704213571618,0.00800779799637,0.980705430417,0.982541899441,0.980446927374,0.890648193963,0.902723735409,0.889240506329,102.993543803
4090,0.00795871207968,0.0070647405808,0.0080866075171,0.980792736162,0.982541899441,0.980726256983,0.890873015873,0.902723735409,0.890302066773,103.227624058
4100,0.00794106398933,0.00712161890502,0.00807414485314,0.980880041907,0.982541899441,0.980446927374,0.891851851852,0.902723735409,0.889937106918,103.442980632
4110,0.00791325586103,0.00702972211915,0.00799322569884,0.980792736162,0.982541899441,0.980446927374,0.891196834817,0.902723735409,0.889240506329,103.651730259
4120,0.00791123355778,0.00704684936562,0.00798282436719,0.980792736162,0.982541899441,0.980446927374,0.891304347826,0.902723735409,0.889240506329,103.870145752
4130,0.00792145632089,0.00706302390359,0.00795350055773,0.980792736162,0.98219273743,0.980446927374,0.891625615764,0.900970873786,0.890282131661,104.100561633
4140,0.00791795029461,0.00708058264179,0.00796077233399,0.980880041907,0.98219273743,0.980446927374,0.892383292383,0.900970873786,0.890282131661,104.351004966
4150,0.00790855225378,0.00704566565889,0.00797173851408,0.980792736162,0.982541899441,0.980726256983,0.891518737673,0.902723735409,0.891338582677,104.607416607
4160,0.00790834283113,0.00703409749271,0.00799439756185,0.980880041907,0.982541899441,0.980726256983,0.891637803068,0.902723735409,0.891338582677,104.816057801
4170,0.00790647043283,0.00701450555846,0.00799552463091,0.980618124673,0.982891061453,0.980726256983,0.890099009901,0.904854368932,0.890995260664,105.044464997
4180,0.00791875287434,0.00705367785138,0.00794290085941,0.980967347651,0.982891061453,0.981005586592,0.8923988154,0.904854368932,0.893081761006,105.275371863
4190,0.0079031314945,0.00699409507113,0.00799576038504,0.980967347651,0.982891061453,0.981284916201,0.892292490119,0.904854368932,0.894488188976,105.505904757
4200,0.0079031314945,0.00699409507113,0.00799576038504,0.980967347651,0.982891061453,0.981284916201,0.892292490119,0.904854368932,0.894488188976,105.732839561
4210,0.00791168419804,0.00694942637802,0.00802167063645,0.980792736162,0.98219273743,0.980167597765,0.891089108911,0.900195694716,0.887480190174,105.952052782
4220,0.00791353102137,0.00702393973019,0.00799962560315,0.980967347651,0.982891061453,0.981284916201,0.892292490119,0.904854368932,0.894488188976,106.164757773
4230,0.00790091161566,0.00699417653003,0.00798954790516,0.980967347651,0.982891061453,0.98156424581,0.892292490119,0.904854368932,0.896226415094,106.512346676
4240,0.00789323311218,0.006946738077,0.0079941806806,0.980792736162,0.982891061453,0.98156424581,0.891304347826,0.904854368932,0.896226415094,106.725145035
4250,0.0080526817789,0.00685828959437,0.00814589229083,0.979483149991,0.983589385475,0.982122905028,0.88244122061,0.906930693069,0.898089171975,106.969371151
4260,0.00789571602629,0.00698282595163,0.00795457089328,0.980792736162,0.982541899441,0.981284916201,0.891625615764,0.903100775194,0.894819466248,107.198295191
4270,0.00790098876254,0.0069776462503,0.00800675092819,0.980967347651,0.982541899441,0.981005586592,0.8923988154,0.903100775194,0.893081761006,107.422448452
4280,0.00788512019571,0.00695609508043,0.00797480004885,0.980792736162,0.982541899441,0.981005586592,0.891304347826,0.903100775194,0.892744479495,107.63466417
4290,0.00789454207184,0.00699778109238,0.0079663882305,0.980967347651,0.982541899441,0.981284916201,0.8923988154,0.903100775194,0.894154818325,107.878436832
4300,0.00788402088996,0.00695742139286,0.0079622457903,0.980967347651,0.982541899441,0.981005586592,0.8921859545,0.903100775194,0.892405063291,108.117054191
4310,0.00789685853887,0.00698832760174,0.00803616825502,0.981141959141,0.982541899441,0.981005586592,0.893596059113,0.903100775194,0.893081761006,108.499284316
4320,0.00788484530319,0.00695871776764,0.00797631720033,0.980967347651,0.982541899441,0.981284916201,0.8923988154,0.903100775194,0.894154818325,108.714931188
4330,0.00788082699987,0.00695220685719,0.00797188726406,0.980792736162,0.982891061453,0.981005586592,0.891304347826,0.904854368932,0.892744479495,108.943938334
4340,0.00788015780362,0.00694355026039,0.00795407804977,0.981054653396,0.982891061453,0.981284916201,0.892839506173,0.904854368932,0.894154818325,109.180245266
4350,0.00793801007173,0.0069330574342,0.00797658401715,0.980792736162,0.983589385475,0.981005586592,0.891838741396,0.909090909091,0.893081761006,109.523231782
4360,0.0079448035321,0.00699663697988,0.00804417919939,0.980967347651,0.982541899441,0.979888268156,0.891972249752,0.90234375,0.884984025559,109.791044394
4370,0.00788777566615,0.00696736229453,0.00800615560941,0.980880041907,0.982891061453,0.980167597765,0.891637803068,0.904854368932,0.887122416534,110.008474602
4380,0.0078782326004,0.00696450286608,0.0079579478934,0.981054653396,0.982891061453,0.980726256983,0.892627412172,0.904854368932,0.890649762282,110.231112564
4390,0.00788187171711,0.00702267574115,0.00792287427951,0.980880041907,0.982541899441,0.980726256983,0.892065056678,0.903100775194,0.890995260664,110.504471358
4400,0.00787794220457,0.00696546765132,0.00795169356359,0.981054653396,0.982891061453,0.980726256983,0.892627412172,0.904854368932,0.890649762282,110.763895903
4410,0.00790220419249,0.0069586990561,0.00793138592376,0.980880041907,0.983240223464,0.981005586592,0.891422905305,0.906614785992,0.891719745223,111.036509393
4420,0.00787638921817,0.00697183829589,0.00794416955788,0.980880041907,0.982541899441,0.980726256983,0.891851851852,0.903100775194,0.890995260664,111.32675671
4430,0.00787602581825,0.00696280951842,0.00793530173579,0.980792736162,0.982541899441,0.981005586592,0.891304347826,0.903100775194,0.892405063291,111.740942448
4440,0.00787541954824,0.00694150140466,0.00795320844658,0.980618124673,0.982891061453,0.981005586592,0.890099009901,0.904854368932,0.892405063291,112.018756432
4450,0.00787503334253,0.00694250926585,0.00795285259359,0.980618124673,0.982891061453,0.981005586592,0.890099009901,0.904854368932,0.892405063291,112.260439369
4460,0.00787748331034,0.00694893707118,0.00796528730207,0.980618124673,0.982891061453,0.980446927374,0.889990089197,0.904854368932,0.888888888889,112.495030858
4470,0.00793636929828,0.00705928817497,0.00812085683238,0.980705430417,0.982891061453,0.980167597765,0.891186607582,0.904854368932,0.888188976378,112.716766039
4480,0.00787530164631,0.0069622442994,0.00794796730286,0.980880041907,0.982891061453,0.981005586592,0.891851851852,0.904854368932,0.893081761006,112.940809136
4490,0.00788761945423,0.00702403436683,0.00795757674957,0.980967347651,0.982891061453,0.980446927374,0.892610837438,0.904854368932,0.889937106918,113.185658163
4500,0.00787052311168,0.00696944593901,0.00793896923593,0.980792736162,0.982891061453,0.981284916201,0.891196834817,0.904854368932,0.894154818325,113.454187677
4510,0.00787205945043,0.00697755541331,0.00794579335696,0.980792736162,0.982891061453,0.981284916201,0.891196834817,0.904854368932,0.894154818325,113.669213957
4520,0.00788176992241,0.00697430952272,0.00792542118442,0.980792736162,0.982891061453,0.981005586592,0.891196834817,0.904854368932,0.892744479495,113.903725567
4530,0.00840234703235,0.00763830473367,0.00811397661084,0.978959315523,0.981494413408,0.980167597765,0.884301488238,0.899430740038,0.891271056662,114.191461664
4540,0.0079663457136,0.00705054883506,0.00800485141873,0.980880041907,0.982891061453,0.981005586592,0.891744933267,0.904854368932,0.892744479495,114.459651538
4550,0.00814857805278,0.00732821119959,0.00798629139443,0.979919678715,0.98219273743,0.980726256983,0.888349514563,0.902485659656,0.893023255814,114.844956383
4560,0.00786989887994,0.00696662912313,0.00794506248159,0.980705430417,0.982891061453,0.98156424581,0.890756302521,0.904854368932,0.895899053628,115.085545914
4570,0.00789931554217,0.00702376396225,0.00796738077769,0.98131657063,0.982891061453,0.981284916201,0.894788593904,0.904854368932,0.895148669797,115.326074731
4580,0.00786974516734,0.00696528178469,0.00794244564689,0.980705430417,0.982891061453,0.98156424581,0.890756302521,0.904854368932,0.895899053628,115.586155316
4590,0.00787553158416,0.00696199842692,0.0079283873055,0.980792736162,0.982891061453,0.98156424581,0.891304347826,0.904854368932,0.895899053628,115.866984368
4600,0.00790452259803,0.00691358578059,0.00804832650449,0.98000698446,0.982541899441,0.980167597765,0.885557221389,0.90157480315,0.8864,116.090046157
4610,0.00790841682798,0.00707131797901,0.00789178498991,0.980618124673,0.98219273743,0.98156424581,0.890748031496,0.901353965184,0.896551724138,116.311079775
4620,0.00786746278815,0.0069608217481,0.00794479566629,0.980792736162,0.982891061453,0.98156424581,0.891196834817,0.904854368932,0.895899053628,116.522772914
4630,0.0078672019182,0.00695380267902,0.00793801731851,0.980792736162,0.982891061453,0.98156424581,0.891196834817,0.904854368932,0.895899053628,116.857653688
4640,0.00787019115664,0.0069680639578,0.00794729105486,0.980880041907,0.982891061453,0.98156424581,0.891637803068,0.904854368932,0.895569620253,117.073017145
4650,0.00786775713886,0.00697259169743,0.00795616139583,0.980792736162,0.982891061453,0.981005586592,0.891196834817,0.904854368932,0.892744479495,117.282569402
4660,0.00787087914403,0.00697629394793,0.00795633453909,0.980880041907,0.982541899441,0.981005586592,0.891637803068,0.903100775194,0.892405063291,117.488406245
4670,0.0079867990898,0.00711935653362,0.00800581902044,0.981141959141,0.981843575419,0.979608938547,0.893385982231,0.898832684825,0.88467614534,117.762068583
4680,0.00786430717436,0.00698186046079,0.00796655425912,0.980792736162,0.982541899441,0.981284916201,0.890981169475,0.903100775194,0.894154818325,118.019376357
4690,0.00786057221587,0.0069892024041,0.00796555694866,0.980880041907,0.982541899441,0.981284916201,0.891530460624,0.903100775194,0.894154818325,118.303758337
4700,0.00793029735245,0.007024224628,0.0080927712802,0.980268901694,0.982541899441,0.979888268156,0.887337986042,0.901960784314,0.885350318471,118.579049345
4710,0.00786639996895,0.00699834496382,0.00794947078986,0.980967347651,0.982541899441,0.981284916201,0.892079207921,0.903100775194,0.894154818325,118.842166051
4720,0.00785989098719,0.00698241583552,0.00796123154648,0.980880041907,0.982541899441,0.981284916201,0.891530460624,0.903100775194,0.894154818325,119.100204179
4730,0.00792815730934,0.00688382357205,0.00800737748715,0.979745067225,0.982891061453,0.981843575419,0.884115884116,0.90373280943,0.896331738437,119.333741155
4740,0.00798136143865,0.0069929039229,0.00808988602868,0.97983237297,0.981843575419,0.980167597765,0.883861236802,0.896825396825,0.885668276973,119.561666384
4750,0.00787751756932,0.00695948818277,0.00801091001259,0.980880041907,0.982541899441,0.981005586592,0.891530460624,0.903100775194,0.892405063291,119.812577181
4760,0.00795319679918,0.00708360684,0.00788710679638,0.980705430417,0.983240223464,0.981005586592,0.892247684057,0.907335907336,0.894080996885,120.043199901
4770,0.00808234476878,0.00703433965031,0.0082524385976,0.980181595949,0.982891061453,0.980167597765,0.884713052311,0.901803607214,0.885298869144,120.304658482
4780,0.00785721997465,0.00698705501958,0.00793364694692,0.980618124673,0.982541899441,0.98156424581,0.890207715134,0.903100775194,0.895899053628,120.530444397
4790,0.00784965111037,0.00698983057508,0.00794789460536,0.980705430417,0.982541899441,0.981284916201,0.890648193963,0.903100775194,0.894154818325,120.760582748
4800,0.00791053086267,0.00697881569465,0.00805161628913,0.980792736162,0.98219273743,0.980167597765,0.890764647468,0.900195694716,0.887122416534,121.027287828
4810,0.00792198379361,0.006857488597,0.00801854272359,0.97983237297,0.982541899441,0.980446927374,0.884788029925,0.901960784314,0.888535031847,121.297654332
4820,0.00784636670358,0.00698370223223,0.00794372792409,0.981054653396,0.982541899441,0.981284916201,0.892627412172,0.903100775194,0.894154818325,121.53538601
4830,0.00784631323083,0.00698079613469,0.00794379657067,0.980880041907,0.982541899441,0.981284916201,0.891530460624,0.903100775194,0.894154818325,121.751120721
4840,0.00784645972907,0.00698000268922,0.00794624427666,0.980880041907,0.982541899441,0.981284916201,0.891530460624,0.903100775194,0.894154818325,122.003006672
4850,0.00785791511996,0.00697303805982,0.00794757290656,0.980792736162,0.982541899441,0.981005586592,0.890981169475,0.903100775194,0.892405063291,122.273078709
4860,0.00788429554859,0.00711611276139,0.0079759539721,0.980443513183,0.982541899441,0.981284916201,0.888888888889,0.902723735409,0.89381933439,122.555462236
4870,0.00784499553643,0.00698501216322,0.00794936519762,0.980880041907,0.982541899441,0.981005586592,0.891530460624,0.903100775194,0.892405063291,122.795761243
4880,0.00788263915698,0.00694118868286,0.00805686511123,0.98000698446,0.982541899441,0.97905027933,0.885557221389,0.901960784314,0.88,123.041815476
4890,0.007869102434,0.00700510439526,0.00801098346853,0.980792736162,0.98219273743,0.980167597765,0.890981169475,0.900970873786,0.887122416534,123.465337634
4900,0.00784320349225,0.00698518751456,0.0079398157364,0.980967347651,0.982541899441,0.98156424581,0.892079207921,0.903100775194,0.895899053628,123.704858085
4910,0.00784456816484,0.00698058990682,0.00794325185565,0.980967347651,0.982541899441,0.98156424581,0.892079207921,0.903100775194,0.895899053628,123.942064307
4920,0.00784298137267,0.0069920975386,0.00792987643184,0.981054653396,0.982541899441,0.98156424581,0.892733564014,0.903100775194,0.896226415094,124.161973971
4930,0.00784729471712,0.00696607461073,0.00792726587135,0.981141959141,0.982891061453,0.982122905028,0.893385982231,0.905222437137,0.899371069182,124.641130868
4940,0.00784263354182,0.00699358681573,0.00792032503677,0.981054653396,0.982541899441,0.981843575419,0.89294523927,0.903100775194,0.897637795276,124.908798347
4950,0.00784210930822,0.00697793084917,0.00793340027291,0.980880041907,0.982541899441,0.98156424581,0.891637803068,0.903100775194,0.895899053628,125.138869231
4960,0.00785137655035,0.00697946140859,0.0079109498246,0.980967347651,0.982541899441,0.981843575419,0.892079207921,0.903100775194,0.897637795276,125.35451951
4970,0.00785023643589,0.00702604400882,0.00787493422134,0.980967347651,0.982541899441,0.981005586592,0.892716535433,0.903100775194,0.8934169279,125.819265405
4980,0.00789622727983,0.00703233886848,0.00800001107637,0.980792736162,0.981843575419,0.980446927374,0.890547263682,0.8984375,0.888535031847,126.053158213
4990,0.00784349470066,0.00698780496985,0.00792342147153,0.980792736162,0.982541899441,0.98156424581,0.891196834817,0.903100775194,0.895899053628,126.296046201
5000,0.00783974850678,0.00697213456373,0.00792597067148,0.980880041907,0.982541899441,0.98156424581,0.891637803068,0.903100775194,0.895899053628,126.528337376
